Symbol,Name,39,38,37,36,35,34,33,32,31,30,29,28,27,26,25,24,23,22,21,20,19,18,17,16,15,14,13,12,11,10,9,8,7,6,5,4,3,2,1
5930,삼성전자,0.265182383,0.246261608,0.254770995,0.254376367,0.25451983,0.248419746,0.266187427,0.269934026,0.282010126,0.268486523,0.28550691,0.289179976,0.289593835,0.27696907,0.281584123,0.263989585,0.265614146,0.25462365,0.260792812,0.26063193,0.26702188,0.249272818,0.262402513,0.270523261,0.294627091,0.290177634,0.309512488,0.299236261,0.314848304,0.320875328,0.325068952,0.329103923,0.340571968,0.336956687,0.341228028,0.349721059,0.334096051,0.314282667,0.329837327
660,SK하이닉스,0.270952504,0.286696831,0.281416126,0.260015906,0.241952275,0.243073563,0.275834177,0.264003198,0.242054569,0.23432385,0.259472877,0.255348684,0.24124345,0.25966356,0.266629205,0.254298777,0.24556575,0.260101348,0.279651738,0.279339216,0.292269514,0.28696728,0.301799849,0.329088402,0.323527696,0.352299695,0.37222243,0.371704007,0.400422159,0.449693089,0.473006967,0.477741309,0.49087243,0.502923292,0.486188589,0.543148661,0.541810935,0.511374813,0.533863939
51910,LG화학,0.529707349,0.537477199,0.530830825,0.48907914,0.478366028,0.467286462,0.448957646,0.401532407,0.39275991,0.379229208,0.374979061,0.347532734,0.319971992,0.314783007,0.327692722,0.314154056,0.317739281,0.320907512,0.305082134,0.294702953,0.296399582,0.31254492,0.32632602,0.323362118,0.337635673,0.330075518,0.360584819,0.327906102,0.342682329,0.370050926,0.379305512,0.350747502,0.376926719,0.365168877,0.402963757,0.364911537,0.371575535,0.383019367,0.412291039
5380,현대차,0.633744657,0.623159407,0.618173036,0.607398682,0.603353499,0.598478737,0.593749594,0.590956783,0.583228494,0.582041921,0.575777975,0.580484944,0.588962168,0.587831123,0.585694559,0.595469552,0.585546669,0.592407782,0.591217632,0.595560067,0.583867033,0.574537258,0.572637427,0.574661129,0.564793981,0.568162127,0.577968029,0.575909446,0.58275079,0.59676961,0.602507954,0.605739371,0.605613348,0.615220483,0.627881204,0.63164312,0.638910407,0.641840152,0.647205733
6400,삼성SDI,0.376979904,0.384024008,0.373242521,0.362266588,0.353720267,0.366723432,0.370493051,0.368196622,0.346824222,0.304005403,0.287403038,0.272505791,0.278357178,0.268006905,0.265514508,0.264169046,0.270722807,0.2949206,0.329605494,0.306441764,0.296949073,0.27789524,0.265351455,0.259362226,0.271382001,0.268723409,0.286560218,0.285463093,0.295060412,0.316034228,0.304332428,0.305697935,0.274476564,0.252301998,0.269880145,0.259502397,0.277366789,0.253241965,0.238577232
35420,NAVER,0.520355377,0.457743796,0.4584325,0.471205193,0.454758088,0.451796144,0.444895262,0.397932844,0.407319664,0.333624136,0.35728387,0.338443719,0.324973471,0.312934517,0.337118617,0.351775962,0.294838693,0.46542146,0.47215419,0.482529975,0.453773198,0.452435032,0.461662119,0.470484457,0.438039121,0.441016632,0.445990897,0.453132891,0.425800581,1.083558985,0.353976742,0.349722463,0.329097912,0.345041856,0.324830167,0.334994512,0.323549074,0.33206281,0.33728578
35720,카카오,0.334989203,0.332721989,0.363107217,0.343029675,0.330251068,0.307193227,0.301799689,0.29302999,0.27575447,0.252263501,0.255372797,0.297114252,0.315497716,0.312888535,0.318068617,0.324787613,0.325685926,0.326643673,0.341633005,0.189119319,0.126080769,0.12137769,0.117736123,0.110113472,0.186834335,0.168210522,0.182951085,0.183902928,0.158133474,0.154675008,0.18541377,0.150263295,0.155048351,0.160273688,0.206410868,0.18341992,0.170884897,0.194545663,0.23703182
12330,현대모비스,0.311903319,0.296919967,0.307501131,0.30460504,0.287753738,0.289783099,0.299017056,0.287146017,0.283164933,0.291380636,0.301728963,0.296569343,0.287433778,0.280815844,0.303327467,0.315346726,0.301753588,0.314032679,0.320368628,0.320281839,0.395730084,0.399289626,0.402174309,0.404628937,0.388716816,0.39589325,0.412193943,0.413505525,0.407661338,0.422203091,0.437080037,0.432897918,0.431637741,0.437294923,0.449963636,0.38896301,0.392196014,0.387365181,0.399409496
270,기아차,0.53095561,0.504592083,0.483829061,0.476407195,0.481543587,0.479604079,0.479327054,0.473928364,0.474966359,0.483384076,0.489274072,0.486347343,0.505170977,0.485875494,0.491439273,0.477700717,0.465721996,0.48884554,0.490571343,0.473597836,0.474604681,0.479320997,0.461072084,0.452203627,0.440438943,0.444169999,0.452608151,0.44019754,0.437107553,0.478972868,0.488113888,0.479971026,0.505391745,0.527940085,0.546847366,0.553474465,0.55645438,0.566032368,0.605163499
96770,SK이노베이션,0.598785466,0.596778043,0.575462369,0.539300772,0.498192829,0.494191932,0.505184455,0.465203758,0.478740271,0.44755254,0.427753201,0.436226268,0.424630845,0.413674938,0.446397624,0.438173804,0.436186672,0.455523488,0.460656167,0.456427758,0.466875499,0.510086317,0.505369568,0.542437148,0.548506389,0.535313491,0.536326835,0.520663197,0.506080588,0.535549589,0.53091034,0.516774973,0.563269657,0.564319229,0.580772393,0.576564935,0.574939993,0.593972665,0.62587822
51900,LG생활건강,0.302281512,0.315674835,0.335203389,0.347504896,0.354755313,0.319705404,0.361884364,0.318782076,0.326912915,0.326282869,0.363212574,0.355075827,0.359306388,0.372979418,0.436925777,0.417870919,0.430454522,0.4468353,0.480311487,0.498096131,0.509290829,0.542737178,0.570514579,0.553723188,0.562383438,0.580891913,0.576753704,0.570500123,0.583830674,0.608541458,0.633055071,0.539968458,0.563822381,0.579733951,0.616048211,0.55229186,0.565757103,0.585632822,0.61351662
5490,POSCO,0.417838043,0.420386372,0.423608416,0.395452615,0.395519543,0.393931548,0.407518299,0.402420606,0.409006611,0.40365578,0.404200012,0.399379524,0.405186812,0.410223954,0.412824135,0.425317535,0.413295911,0.431524753,0.435156256,0.439486166,0.459162041,0.464914623,0.473325713,0.46873654,0.466116914,0.464676374,0.473738635,0.45744113,0.45279847,0.474939093,0.481902939,0.464720078,0.470149944,0.479723275,0.479375054,0.480544267,0.484085175,0.463394713,0.452624379
66570,LG전자,0.64021378,0.612268687,0.61837584,0.633856804,0.630312707,0.627294044,0.63123878,0.632134451,0.63508807,0.632860724,0.625054361,0.644023711,0.63710494,0.633776883,0.640871572,0.647162935,0.66266307,0.647515412,0.650589481,0.64246505,0.655341097,0.652842442,0.657639442,0.649537342,0.65572991,0.651203752,0.655790391,0.642835337,0.646328839,0.646367358,0.654635206,0.63453579,0.59683586,0.583118066,0.586639678,0.597401433,0.634274085,0.623456936,0.620330921
34730,SK,0.609890001,0.609221636,0.619944013,0.60473892,0.583650105,0.584336835,0.589483964,0.574006749,0.576872753,0.568954621,0.57298238,0.583212091,0.576806242,0.568493758,0.589527966,0.589249706,0.580714199,0.5817289,0.587029397,0.585266788,0.581863967,0.481193864,0.505142098,0.509638425,0.521123494,0.551088302,0.58276369,0.52751994,0.521438466,0.523573994,0.553878359,0.563273524,0.548854514,0.53045701,0.511093096,0.511524971,0.485732797,0.511218072,0.520484158
17670,SK텔레콤,0.478701016,0.477410523,0.491235709,0.488394817,0.48488636,0.473362062,0.489713663,0.472510764,0.419406536,0.424584065,0.446847612,0.460666681,0.452569219,0.458206162,0.478582989,0.485059635,0.47407152,0.461345195,0.469463424,0.462094124,0.452574555,0.453753054,0.458132366,0.454273546,0.46743405,0.474494433,0.469642148,0.466952044,0.4685247,0.4741218,0.513252129,0.497772953,0.518048582,0.514978707,0.533203901,0.477440285,0.45668649,0.442555336,0.464319665
105560,KB금융,0.930458366,0.92922607,0.92877446,0.924558439,0.923467681,0.925323418,0.92698721,0.92553399,0.925501204,0.925338391,0.925533243,0.922055974,0.92207361,0.922136003,0.917030218,0.916785746,0.914914139,0.913800079,0.913326991,0.912167259,0.911930828,0.911145088,0.911545382,0.910776187,0.910095579,0.911620089,0.912644277,0.911070652,0.914601326,0.915028617,0.912501124,0.913340159,0.91549944,0.91704403,0.917792067,0.916787727,0.915885167,0.922028495,0.921180859
3550,LG,0.13605838,0.140081987,0.148213051,0.152158025,0.150944961,0.156154268,0.210474745,0.204565213,0.219051684,0.213262409,0.237771372,0.252598972,0.220821059,0.247855004,0.262048551,0.270369875,0.257635981,0.257955274,0.266658151,0.265687233,0.260273299,0.264848284,0.272109471,0.273867896,0.268090719,0.277965202,0.286299491,0.2685703,0.266286395,0.282817129,0.295095618,0.271495164,0.28174901,0.2776339,0.282688075,0.277046414,0.275016256,0.274835536,0.288906143
55550,신한지주,0.922394209,0.925724454,0.92744826,0.92409686,0.923617373,0.923159757,0.924893925,0.920253722,0.921310963,0.924332106,0.923552593,0.920940502,0.92161849,0.921024104,0.921164312,0.919771143,0.920938686,0.919448091,0.918221375,0.914145925,0.913338887,0.913728086,0.912760483,0.909725031,0.90979623,0.908634618,0.905854457,0.904092374,0.906935144,0.90893299,0.909055677,0.905183913,0.907414086,0.906055932,0.908371546,0.906753793,0.897568012,0.896758993,0.901200965
15760,한국전력,0.652410984,0.657299252,0.654323796,0.651364277,0.638816088,0.637807049,0.63319234,0.616231458,0.614845071,0.616341689,0.607671678,0.598629867,0.58469878,0.595027534,0.591853027,0.58922762,0.589735808,0.602492583,0.615493522,0.612327406,0.620608107,0.664556012,0.667154921,0.665105473,0.667940138,0.674403296,0.669550497,0.669185251,0.668368183,0.671729589,0.656886292,0.650610902,0.637111388,0.635420061,0.614352615,0.605739007,0.587462465,0.578898384,0.565642865
9150,삼성전기,0.374002774,0.394910365,0.418844345,0.373997983,0.393064759,0.386433078,0.438102017,0.427814153,0.444909702,0.447990007,0.453887926,0.442350154,0.455333052,0.452615812,0.444563913,0.433929902,0.407970285,0.412700644,0.411799419,0.406367536,0.436116003,0.416236223,0.407441246,0.398493396,0.425634955,0.408620951,0.42117007,0.407400948,0.4206591,0.448967439,0.44807607,0.424556548,0.448523475,0.449040835,0.503736716,0.471161019,0.505487611,0.464993124,0.463463888
90430,아모레퍼시픽,0.211829673,0.220793839,0.236636708,0.248817006,0.236536032,0.236682652,0.237907748,0.172164683,0.165904884,0.205755657,0.234004201,0.22328508,0.20258677,0.218631565,0.245038487,0.247983389,0.234440275,0.223718279,0.259996714,0.240996225,0.236551681,0.238623177,0.264669116,0.253271666,0.241896069,0.241192566,0.250392863,0.245077727,0.225319483,0.236266226,0.246329111,0.225499729,0.231556217,0.241146845,0.249933828,0.240505055,0.253853397,0.256892574,0.266136837
86790,하나금융지주,0.929230472,0.931032974,0.933865416,0.931235231,0.930864162,0.929547157,0.930447573,0.929589992,0.930673215,0.930383435,0.931416889,0.931050602,0.93197235,0.930439686,0.931388972,0.93282151,0.928612311,0.927921201,0.931257965,0.92973126,0.931096643,0.931615257,0.930324542,0.930617133,0.92992776,0.932023316,0.931186357,0.929232964,0.931275004,0.933207294,0.930078119,0.928601756,0.928860145,0.930171622,0.928409643,0.916843231,0.918640031,0.913649328,0.913491523
33780,KT&G,0.239593963,0.212055403,0.228944801,0.187280247,0.194625386,0.239157358,0.264228498,0.199113847,0.229658579,0.233350803,0.256544912,0.215561802,0.261190926,0.219471389,0.261172498,0.274592819,0.24208822,0.253549103,0.290416922,0.276462488,0.265995015,0.258461669,0.24676752,0.230578141,0.245037474,0.239571208,0.280719067,0.241623672,0.243088342,0.265607767,0.284319211,0.23566095,0.28130695,0.268905911,0.278085891,0.221677227,0.215351126,0.212440204,0.259058391
11170,롯데케미칼,0.276174442,0.271293929,0.302844811,0.29885463,0.332658949,0.360955311,0.366664628,0.34880346,0.372080949,0.369260382,0.392625356,0.37318883,0.35482983,0.392618989,0.412436199,0.407517778,0.404767475,0.409876383,0.329684487,0.34114824,0.343751799,0.360046856,0.36315716,0.373320296,0.406825067,0.394331555,0.406191265,0.411053812,0.439789298,0.421318728,0.43783693,0.413427453,0.418598351,0.420334766,0.425899857,0.427002899,0.430434621,0.433326795,0.432378125
10950,S-Oil,0.654424288,0.671731071,0.657795553,0.602249036,0.618561198,0.625869335,0.599746199,0.594533616,0.600678886,0.605832541,0.593825847,0.546469447,0.55221192,0.552032383,0.591411494,0.542118158,0.531142388,0.501999717,0.503089833,0.500726783,0.485927368,0.494509452,0.512071722,0.521339469,0.56324777,0.561902117,0.568638774,0.550866033,0.578406136,0.57233177,0.591486957,0.569826441,0.598205391,0.599271455,0.630551011,0.604224305,0.621924818,0.60768947,0.612907145
9830,한화솔루션,0.606814861,0.630293407,0.650249672,0.629755787,0.597870031,0.596731697,0.594911313,0.591169195,0.547073043,0.537249956,0.541490124,0.546688256,0.553923523,0.55999766,0.59081744,0.604258135,0.603484087,0.619604978,0.637595127,0.644027015,0.654745145,0.657224533,0.63251058,0.620586705,0.621619106,0.636134818,0.654929269,0.652010368,0.657994668,0.649510528,0.639601346,0.632019633,0.610981687,0.613194675,0.600326389,0.595244226,0.587123169,0.569165185,0.572624212
9540,한국조선해양,0.500866062,0.51130045,0.498954561,0.484090089,0.462188063,0.463004958,0.464704846,0.469833521,0.54336095,0.564634004,0.567291878,0.593143476,0.590513729,0.615470813,0.778387916,0.636632674,0.62753844,0.645778839,0.686230014,0.688166664,0.700649236,0.6896487,0.690628549,0.687873007,0.68787716,0.664067204,0.643961811,0.642334331,0.635235464,0.63765109,0.638302948,0.619643937,0.622803227,0.628190071,0.62638347,0.629056809,0.6468644,0.642798443,0.648010454
10130,고려아연,0.143848365,0.13578299,0.136701352,0.12781857,0.142057446,0.135898017,0.111088585,0.117821594,0.09989962,0.116690487,0.133572512,0.132491143,0.145012564,0.119386424,0.122592627,0.126481412,0.134243368,0.119133865,0.142950546,0.116549084,0.126302571,0.138123924,0.138651207,0.152293693,0.173673595,0.178232956,0.169763426,0.154073647,0.17961281,0.190914316,0.215004225,0.193196709,0.207140744,0.209574828,0.240564297,0.237890794,0.256029846,0.257675891,0.277377457
34220,LG디스플레이,0.657034705,0.65479873,0.649913313,0.64895476,0.617394436,0.586285049,0.567945569,0.551290809,0.542582515,0.537821191,0.505734221,0.486225281,0.473178148,0.449481514,0.44733675,0.459001518,0.478086522,0.452895599,0.436348222,0.437265094,0.45279152,0.437358018,0.457446275,0.486942213,0.497898817,0.488525642,0.503872875,0.502773254,0.523275117,0.54227654,0.570499978,0.581273113,0.605915544,0.612571502,0.592409494,0.597382833,0.58897365,0.563214062,0.55788581
24110,기업은행,0.929024863,0.929753584,0.929438246,0.928400325,0.926995738,0.926964967,0.927032463,0.927138212,0.927048936,0.928003069,0.927961673,0.92774927,0.92831267,0.929031815,0.928542709,0.92973599,0.927463158,0.928211091,0.929431089,0.927895307,0.92926967,0.928836163,0.928526006,0.928803226,0.929697157,0.930589023,0.932521854,0.932124997,0.93270413,0.932502128,0.931791271,0.929696035,0.930436715,0.931382113,0.931394025,0.929011687,0.929230144,0.927854754,0.932266851
97950,CJ제일제당,0.615617906,0.621331227,0.623820605,0.639221755,0.64567367,0.649659831,0.659664479,0.625162665,0.629322958,0.620327191,0.648897695,0.635771389,0.632930162,0.620441223,0.616202115,0.615604137,0.60780582,0.614149461,0.615541635,0.608382701,0.617011506,0.62405894,0.626887788,0.630123747,0.636480884,0.641183876,0.637313723,0.629929426,0.6337272,0.62843109,0.58454723,0.577718821,0.581315805,0.580198897,0.579801998,0.585831324,0.6159248,0.604295688,0.562105943
30200,KT,0.563404354,0.547875678,0.53812043,0.554128687,0.547517487,0.551691868,0.556708863,0.542348075,0.553761172,0.522731705,0.540176683,0.555661095,0.547643575,0.530849308,0.57534111,0.581702279,0.579646933,0.565750385,0.586487961,0.58537922,0.606985305,0.605721512,0.652154106,0.650921902,0.650448446,0.653199168,0.632733119,0.630812339,0.61218641,0.60941483,0.620262829,0.617512293,0.60912931,0.605353413,0.624098606,0.609236429,0.584729514,0.587307641,0.59061293
4020,현대제철,0.510378376,0.509205116,0.509655932,0.498528389,0.494815769,0.497484663,0.495805243,0.488870254,0.482031103,0.481723109,0.488064208,0.489554372,0.490400178,0.489984113,0.493952719,0.493412185,0.491390041,0.499654433,0.507847516,0.514034697,0.5228491,0.513253078,0.515808045,0.522538075,0.528385299,0.533585989,0.548922743,0.547271053,0.575729624,0.584653689,0.578636043,0.574360887,0.570638314,0.580663492,0.58269307,0.581256168,0.575150164,0.570567695,0.580634592
32640,LG유플러스,0.58860084,0.591371743,0.594704202,0.590346384,0.55941479,0.531390074,0.527616879,0.508364809,0.481772091,0.500518642,0.5241477,0.561559498,0.568303596,0.584200357,0.600293503,0.597440912,0.6002745,0.62145547,0.629005506,0.627779789,0.625094577,0.634706124,0.64450435,0.652215912,0.657024809,0.663856711,0.666951174,0.658377924,0.649326992,0.647929538,0.673938694,0.661953068,0.668723324,0.667584014,0.662106734,0.650687697,0.616126461,0.588019032,0.545134258
35250,강원랜드,0.121801017,0.150602885,0.227567132,0.162312047,0.114654055,0.148163967,0.190686735,0.15231092,0.144712211,0.142941749,0.210728517,0.163515901,0.156445533,0.139315225,0.2117967,0.182523846,0.151442476,0.178335704,0.243956255,0.187774509,0.172583577,0.19127151,0.239936834,0.198442828,0.157025997,0.171839704,0.216211232,0.188373117,0.143151835,0.159873019,0.226704486,0.183932483,0.166934491,0.139293917,0.256307164,0.16745548,0.13611363,0.133646114,0.265617393
3490,대한항공,0.873880934,0.91662721,0.924389312,0.897061507,0.902198491,0.898414892,0.891194098,0.877620249,0.858711176,0.867455538,0.856115417,0.847817244,0.87940189,0.880314725,0.88158257,0.921760384,0.900998667,0.915409395,0.901733391,0.896650171,0.913089449,0.888691511,0.883305649,0.90619686,0.890004949,0.874509706,0.889461039,0.88044674,0.882313925,0.898683495,0.888544623,0.873576275,0.872775734,0.892355138,0.881956329,0.876321685,0.861562852,0.831570124,0.822903248
2790,아모레G,0.190872099,0.199230881,0.211853883,0.217505228,0.213241036,0.210456492,0.214986985,0.154981229,0.148439847,0.180782896,0.201820467,0.19130433,0.176574148,0.189243374,0.217061352,0.214648993,0.201976985,0.187775595,0.219732324,0.204972545,0.201794865,0.203472471,0.22363686,0.213894285,0.207019954,0.202323667,0.211073694,0.205798228,0.192414536,0.202476743,0.21341819,0.195250346,0.197000941,0.204631954,0.213936134,0.210881654,0.216585182,0.216584792,0.219896094
34020,두산중공업,0.771589113,0.772112165,0.765852111,0.750012871,0.729162272,0.726517678,0.759240119,0.749407547,0.730040804,0.741970187,0.747686786,0.736965612,0.728640725,0.726448362,0.739351005,0.725246665,0.726138035,0.725210765,0.737259256,0.742257101,0.726543206,0.733616838,0.737860917,0.721362233,0.730482545,0.729710557,0.720727827,0.714638153,0.791597203,0.787734511,0.789096461,0.785541361,0.65421358,0.651844617,0.653576565,0.647003569,0.650516421,0.64210638,0.700775431
11780,금호석유,0.398420464,0.406605723,0.424403879,0.420549374,0.43312352,0.464795621,0.495530986,0.491382038,0.535194547,0.535533271,0.559991608,0.57273304,0.59937052,0.594067091,0.622036665,0.619916951,0.601663823,0.615464387,0.606825341,0.60486233,0.614361809,0.631994543,0.612689558,0.630049701,0.645364736,0.6264879,0.631680951,0.62965508,0.623993202,0.6337959,0.640840234,0.624019441,0.64487703,0.662449096,0.684727002,0.66970711,0.745584516,0.741086951,0.766344716
720,현대건설,0.51462697,0.531188155,0.546332934,0.521863423,0.515487951,0.53255501,0.542569723,0.540734668,0.537937909,0.539777065,0.553376518,0.540311249,0.551577347,0.566191153,0.58437193,0.591180803,0.597324892,0.607223514,0.608339756,0.618056917,0.631358339,0.630703921,0.624110605,0.627982746,0.620036867,0.61433198,0.645877489,0.649933955,0.635198131,0.635972061,0.624166908,0.626892618,0.62608542,0.628530729,0.63511173,0.632453268,0.630734554,0.638255188,0.644567403
11200,HMM,0.814312794,0.795021723,0.856483507,0.847726184,0.895649606,0.867269272,0.862098478,0.747740838,0.901542172,0.853640752,0.779695752,0.751022785,0.815305854,0.794840247,0.804442157,0.783696953,0.650800233,0.955132279,0.991604533,0.961525459,0.907391598,0.8977696,0.877795492,0.90564911,0.889054132,0.918884415,0.93137526,0.922228624,0.908479012,0.899506396,0.89536416,0.878063022,0.868008659,0.862307028,0.830005046,0.801525643,0.768941277,0.738328993,0.727768693
6280,녹십자,0.4144439,0.4253791,0.40281749,0.395663242,0.39622533,0.390025726,0.36604551,0.346524121,0.349996016,0.349477138,0.348215077,0.34918706,0.350166584,0.34812971,0.319332342,0.317037909,0.342262823,0.330840479,0.318726691,0.294972823,0.276132451,0.340108629,0.331547475,0.307982203,0.307659544,0.287089842,0.263613672,0.239848478,0.243228625,0.242825872,0.288353588,0.282011716,0.281579537,0.262106127,0.249662563,0.267416482,0.278922182,0.274734385,0.292095875
11070,LG이노텍,0.636605722,0.600360366,0.60143391,0.617971217,0.652214954,0.628222926,0.622536466,0.631999574,0.667092364,0.64150528,0.624492808,0.6680925,0.636962772,0.572374499,0.557235272,0.588669848,0.609204476,0.552587473,0.545439126,0.549079527,0.581129973,0.566305661,0.590620159,0.616937997,0.632878717,0.632247375,0.704320936,0.712547038,0.730155106,0.728607726,0.747409502,0.740435394,0.729445828,0.712849296,0.699730027,0.699580428,0.675902579,0.668217479,0.665148766
10140,삼성중공업,0.676006323,0.678489215,0.643937934,0.614051766,0.618500049,0.566270291,0.545307999,0.527667116,0.505393606,0.512122343,0.593561243,0.580445418,0.537573187,0.577889039,0.598567185,0.63552639,0.690193401,0.724877954,0.717733795,0.753447789,0.760787009,0.725920843,0.654072438,0.674507353,0.660970124,0.692891135,0.69335136,0.664558062,0.66480475,0.661536031,0.666877778,0.682419015,0.667153019,0.685496304,0.696097988,0.717070428,0.743668775,0.72965481,0.754978759
120,CJ대한통운,0.60635191,0.60587362,0.607532045,0.598766322,0.613932433,0.613815307,0.605097077,0.602120954,0.614766442,0.590190531,0.586633335,0.560964088,0.552261139,0.51517578,0.503263668,0.503863531,0.499148885,0.493657219,0.482460446,0.473011703,0.480034176,0.49286848,0.491310754,0.497967703,0.507523685,0.514541865,0.510302491,0.512184053,0.505982852,0.498430288,0.371975305,0.365564333,0.380723763,0.373804589,0.373168663,0.370072392,0.437659701,0.436738429,0.432846839
4990,롯데지주,0.520358924,0.509936523,0.507380723,0.500662482,0.691283997,0.693825935,0.70526017,0.69464257,0.673422765,0.665399608,0.656650686,0.657952531,0.720393654,0.377839234,0.382963551,0.35817408,0.368557318,0.381553496,0.378438136,0.37526525,0.364850555,0.347634408,0.360103663,0.344600802,0.340347948,0.347720216,0.334051324,0.330686946,0.317895424,0.327927821,0.302892361,0.303843076,0.317429407,0.325767497,0.317975814,0.32970727,0.328490575,0.319485787,0.324048634
29780,삼성카드,0.712205596,0.70142325,0.69644484,0.687068864,0.689347757,0.694767413,0.711566413,0.706134123,0.726743119,0.724355996,0.714754112,0.700001213,0.712540397,0.694790646,0.686193232,0.697976047,0.671922546,0.656618258,0.648570065,0.649293353,0.659263471,0.628788599,0.634454056,0.639709046,0.643142594,0.627630337,0.630648093,0.625464135,0.627063854,0.622130453,0.635179627,0.635889634,0.612717685,0.587570786,0.592465465,0.619999632,0.604282344,0.591854748,0.584446596
78930,GS,0.56320991,0.560092794,0.569130701,0.555381168,0.545901895,0.560050627,0.564187781,0.534930174,0.547356181,0.550030578,0.560919285,0.560863453,0.562046971,0.560248358,0.567342315,0.561467058,0.575744531,0.58057185,0.5996881,0.574312748,0.570213114,0.544468844,0.544427299,0.521128897,0.494166258,0.477331757,0.492929461,0.412441618,0.414469221,0.423594062,0.440346292,0.435750344,0.43665441,0.42872775,0.42686052,0.348739362,0.34111756,0.311193385,0.318625332
6360,GS건설,0.68602416,0.693972738,0.707074751,0.685448131,0.701149155,0.700376814,0.712558308,0.698778113,0.713751955,0.734790674,0.752658696,0.763465989,0.754109964,0.749865971,0.75437051,0.749325866,0.738402733,0.741506684,0.733181342,0.742568396,0.742485718,0.740158629,0.735711153,0.72648403,0.710840449,0.709063237,0.751032774,0.745779362,0.726828973,0.728877711,0.718971543,0.666399075,0.658806521,0.656206273,0.645887253,0.648598499,0.650684378,0.660903317,0.665355934
23530,롯데쇼핑,0.658546552,0.654189481,0.651662144,0.652926097,0.638230443,0.639159729,0.624896778,0.526744099,0.527845208,0.533745849,0.519496234,0.522287124,0.685105334,0.586972401,0.58950968,0.58812672,0.581644187,0.576257898,0.57734379,0.580082855,0.571750784,0.555823832,0.558212338,0.562194699,0.552307428,0.558355724,0.56094935,0.56571393,0.564232743,0.571916979,0.577702292,0.573532689,0.561107184,0.542970754,0.545258019,0.556004002,0.540858411,0.521038606,0.526342252
3410,쌍용양회,0.476048539,0.455007574,0.469240722,0.458515166,0.441685886,0.431521821,0.437325636,0.422734429,0.409079759,0.419306476,0.425385433,0.422750947,0.460353301,0.4034848,0.45639424,0.435981107,0.416944816,0.511147336,0.528400032,0.540541075,0.522559457,0.542947283,0.564403484,0.572687194,0.584255713,0.592348043,0.608591172,0.610958237,0.620662539,0.634396372,0.645589215,0.635725572,0.646017871,0.654968317,0.659145087,0.64215422,0.615191312,0.552102306,0.562382058
12750,에스원,0.268224672,0.270051532,0.296452101,0.260369765,0.265199926,0.260625909,0.303817933,0.249894824,0.239446814,0.237281897,0.280350399,0.236288801,0.207567292,0.242404318,0.266597488,0.246807068,0.252963201,0.254220293,0.292560111,0.296946834,0.275200621,0.307736778,0.350750956,0.372812134,0.389130962,0.400636528,0.462078869,0.269110184,0.284544069,0.255463912,0.282303802,0.268444453,0.258978762,0.261380897,0.302037348,0.280457756,0.263767542,0.265096794,0.303775519
42660,대우조선해양,0.617453856,0.637371854,0.644348583,0.667003343,0.667055017,0.648003094,0.660048455,0.677793796,0.683482543,0.688822807,0.700660535,0.738732774,0.691123013,0.712650287,0.939640507,0.956230688,1.069625558,1.044910807,0.960245036,0.967221403,0.947341738,0.88588653,0.788822195,0.885721874,0.758114632,0.755574484,0.746720892,0.825426487,0.746445839,0.748166952,0.736127806,0.750767964,0.707737743,0.70842889,0.730230304,0.74179157,0.739135358,0.733899049,0.743382205
1040,CJ,0.623792702,0.631498031,0.634607038,0.638073525,0.646882489,0.64907279,0.657567695,0.605358072,0.603664612,0.594250223,0.59049156,0.591065229,0.591841658,0.579095804,0.583244501,0.583316498,0.576655844,0.582783787,0.583806767,0.581385453,0.58695895,0.593956472,0.599728152,0.606330613,0.605906395,0.615346192,0.615496255,0.61123395,0.610913834,0.608365307,0.612936445,0.607947525,0.611335602,0.614323328,0.611672285,0.615180878,0.588329469,0.582764044,0.566538056
36460,한국가스공사,0.784500526,0.787171593,0.783667483,0.792771904,0.782172441,0.761618235,0.772567704,0.785889381,0.768655215,0.764867131,0.765628603,0.78081484,0.76885123,0.754188174,0.750990893,0.763422809,0.748128736,0.746210632,0.748444586,0.762725898,0.764581287,0.755239493,0.771391297,0.792089908,0.780863363,0.780293271,0.795381212,0.795431178,0.801437941,0.790349411,0.795937197,0.793978059,0.78322081,0.767659088,0.777450997,0.776653523,0.754988914,0.715917881,0.731250415
81660,휠라홀딩스,0.495015222,0.521622113,0.545133943,0.522327688,0.525743889,0.541730687,0.561562485,0.544086232,0.539386447,0.56764772,0.596811447,0.599103495,0.584754696,0.602812079,0.627665493,0.615304117,0.577275202,0.515548948,0.51602739,0.510586914,0.501094609,0.469496337,0.505831268,0.455258031,0.455990821,0.462268758,0.493732036,0.493484819,0.529020959,0.497593312,0.547276505,0.536767002,0.542995415,0.553780767,0.61938835,0.644279987,0.612923606,0.576635661,0.614221109
210,대림산업,0.488161062,0.494283795,0.512701676,0.498951693,0.493816745,0.512063805,0.532690405,0.528566492,0.537711593,0.573957305,0.587175429,0.575129593,0.594041697,0.592050575,0.5903757,0.58476615,0.577944207,0.591758904,0.599227084,0.601673304,0.586702631,0.583137113,0.570590966,0.578619106,0.556259066,0.554668272,0.55587292,0.548334046,0.525644668,0.532881488,0.546113291,0.553122448,0.54732098,0.543599563,0.552335581,0.569200929,0.567149689,0.566458665,0.567390089
7070,GS리테일,0.654482042,0.643223369,0.642867098,0.638427219,0.626001952,0.633582946,0.640601772,0.517865006,0.535553458,0.53088674,0.539696939,0.530004902,0.550792493,0.532960302,0.522111766,0.500668451,0.557568681,0.559731494,0.565128751,0.544076729,0.552230775,0.448350581,0.436280637,0.42414583,0.432248742,0.430179332,0.432025428,0.439385717,0.446162162,0.466029021,0.472537899,0.476818931,0.498938888,0.520015976,0.551789335,0.520845667,0.479964274,0.428160331,0.470809623
28050,삼성엔지니어링,0.681677707,0.69151907,0.69499548,0.713355384,0.712855286,0.721991849,0.762457161,0.776651891,0.764410337,0.787262402,0.795206133,0.802380118,0.804833023,0.806177942,0.810374692,0.819532385,0.801201303,0.810512836,0.815641419,1.055575992,1.062432187,0.83105428,0.847107619,0.845031727,0.844820831,0.841621787,0.847439733,0.847243591,0.866279759,0.783357299,0.76690273,0.702346775,0.704984142,0.743560903,0.754414864,0.746877182,0.762847675,0.764560891,0.746848621
28670,팬오션,0.386328408,0.363420097,0.359417812,0.349031033,0.34172489,0.35414057,0.355185355,0.354183861,0.369550966,0.368096921,0.3811705,0.381220339,0.3984552,0.409533665,0.413843192,0.407511027,0.39797772,0.411542507,0.422691342,0.4364212,0.498046523,0.523198273,0.669667852,0.6878888,0.819945793,0.874416812,0.940928378,0.950633682,0.798806268,0.756037982,0.756423234,0.751203536,0.72584331,0.709877569,0.689433687,0.653836309,0.650359657,0.627282157,0.631796044
10060,OCI,0.428810594,0.430963619,0.444583002,0.441778156,0.377959651,0.387373972,0.384207199,0.382894399,0.410789075,0.431179494,0.429202535,0.438007399,0.451034165,0.448345599,0.451217344,0.477543636,0.476252635,0.476738628,0.519583522,0.555787739,0.573481961,0.568544349,0.568631868,0.561178998,0.560688268,0.559749218,0.551264905,0.551743212,0.54961446,0.546876276,0.507971248,0.506850369,0.487532465,0.482226795,0.482320954,0.483673588,0.493146354,0.490033278,0.567127
4170,신세계,0.617931203,0.621535405,0.589311522,0.576361707,0.583943252,0.591853927,0.592766729,0.549406245,0.557037322,0.530699311,0.528221246,0.515398966,0.526148017,0.519059669,0.525109012,0.528562709,0.524251562,0.51457839,0.499524245,0.487142364,0.497041965,0.510604054,0.554660591,0.550011247,0.543279391,0.544469449,0.556869184,0.554150654,0.564170238,0.558863084,0.555105216,0.555034804,0.472676699,0.470665221,0.452076416,0.474111918,0.456072059,0.472751359,1.073168739
80,하이트진로,0.724934872,0.753216772,0.719427162,0.68412094,0.67690022,0.684329953,0.681049662,0.660930609,0.629978877,0.63377224,0.645479995,0.652893512,0.626408533,0.627249549,0.633208027,0.620149708,0.618792574,0.623015063,0.625521303,0.617220999,0.628391762,0.632987125,0.636449596,0.611985092,0.609067204,0.628928563,0.623662224,0.610733549,0.602574986,0.614424264,0.621168688,0.59954376,0.604978642,0.611354293,0.617639133,0.601694143,0.595561394,0.578803006,0.590095399
30000,제일기획,0.556793081,0.550315267,0.601487906,0.575271015,0.599231752,0.604746049,0.635782537,0.588968369,0.586616027,0.598947212,0.630700157,0.617571088,0.601840999,0.612649492,0.585011448,0.63917766,0.570132163,0.581676535,0.554760479,0.57129128,0.567291463,0.587032919,0.52774387,0.521279489,0.625504783,0.64929782,0.624833984,0.607774671,0.634210495,0.656367424,0.623150562,0.649489111,0.611103578,0.590245508,0.559414272,0.603544697,0.541696268,0.56438955,0.514152432
47040,대우건설,0.732310268,0.72555334,0.739987648,0.743418572,0.731698153,0.750881763,0.757113458,0.734627562,0.748141605,0.766272052,0.770043017,0.740430379,0.740018585,0.760838762,0.776028736,0.792391291,0.729971712,0.728153958,0.732777997,0.722437821,0.72511606,0.738629569,0.738370078,0.734353123,0.739794276,0.747983659,0.739952933,0.737846998,0.646737295,0.647841204,0.653210951,0.654034868,0.653860226,0.647090351,0.637767323,0.639629955,0.664407947,0.659753959,0.661755191
6260,LS,0.613849449,0.614232507,0.628715654,0.603165955,0.602397015,0.603758549,0.592611221,0.584419362,0.593524304,0.610612358,0.60755749,0.63602115,0.659785623,0.66370304,0.668314739,0.664859302,0.663517448,0.682406101,0.69861668,0.701098268,0.709183061,0.70657096,0.707771957,0.706541653,0.698845633,0.705088069,0.709902797,0.699490827,0.711293491,0.734107279,0.734759784,0.713498007,0.711068487,0.720102462,0.718420102,0.720213283,0.730046153,0.712778394,0.721066859
880,한화,0.896848088,0.899968812,0.903411852,0.899806057,0.893576425,0.897489854,0.899158736,0.90001075,0.896665788,0.89926278,0.905905455,0.900341782,0.89914978,0.900396166,0.905953601,0.908130428,0.898540909,0.900392858,0.9042656,0.906293742,0.890971003,0.891425581,0.9015499,0.902047049,0.905667342,0.90642179,0.906245987,0.904909037,0.904338784,0.902488373,0.898916304,0.89829571,0.671759443,0.66684681,0.662524197,0.663411477,0.661036152,0.652185841,0.656880109
64350,현대로템,0.662846483,0.732182966,0.732662616,0.783834631,0.768651505,0.739153264,0.728727821,0.72315027,0.654099924,0.633581251,0.647063406,0.652710703,0.627823628,0.641209722,0.640006534,0.672006667,0.669350394,0.683512414,0.696447753,0.71497225,0.668108218,0.66249002,0.633368449,0.604921914,0.589548436,0.599729934,0.608380506,0.581388044,0.719906982,0.710338753,0.698268487,0.677626666,0.701342397,0.698610193,0.685457401,0.687469634,0.706801432,0.708344209,0.701570079
11210,현대위아,0.529247367,0.527984043,0.52589532,0.5435999,0.544610314,0.558564294,0.575427263,0.572711411,0.57209529,0.564611094,0.558099133,0.563492242,0.5510316,0.528585582,0.543011654,0.535950927,0.524395681,0.536048002,0.526084378,0.526691287,0.514325058,0.521477702,0.513959105,0.520175055,0.510604268,0.521852409,0.528178444,0.524476445,0.53747456,0.550347267,0.570509086,0.588472074,0.588349071,0.620882084,0.644342178,0.648366752,0.647817505,0.662957229,0.662722395
78340,컴투스,0.085958008,0.081301179,0.077334684,0.079140574,0.068167919,0.070645118,0.099921236,0.071268131,0.071943052,0.077737722,0.095223281,0.092304045,0.089273591,0.088482092,0.089514261,0.108152787,0.107531571,0.114101944,0.120706967,0.12564123,0.109898706,0.167188151,0.18144741,0.156642945,0.118638622,0.090492682,0.074523613,0.0877095,0.064740193,0.070602265,0.096608637,0.092364159,0.086623409,0.111199003,0.208763466,0.069754296,0.056492123,0.048792673,0.053457714
10620,현대미포조선,0.321741665,0.321191194,0.315643022,0.303691149,0.314135327,0.307334766,0.333395585,0.331018558,0.725690103,0.753733122,0.745914062,0.718834276,0.717283915,0.73738236,0.756467971,0.755223091,0.761506789,0.775821462,0.811792341,0.809620207,0.824603447,0.822839407,0.823321109,0.808560038,0.793023672,0.7417662,0.684051125,0.683111679,0.661737672,0.651775483,0.647420764,0.560686308,0.601388246,0.566308277,0.498556403,0.564374359,0.588479029,0.546763543,0.496474156
10120,LS ELECTRIC,0.452371823,0.459959637,0.478917249,0.46311849,0.442304684,0.452218903,0.460532379,0.460698238,0.478787364,0.49180473,0.507575289,0.491032431,0.50762303,0.525898189,0.52832429,0.528665843,0.533423678,0.536245178,0.555097768,0.549358069,0.543036935,0.550686393,0.562391212,0.566997925,0.553241325,0.567740447,0.576720413,0.558862082,0.577300602,0.598361545,0.589087641,0.585443075,0.567240102,0.579044016,0.562675122,0.561140344,0.580852733,0.547786356,0.571265162
5250,녹십자홀딩스,0.522458108,0.528401908,0.471695125,0.456860987,0.465962211,0.457842802,0.442808338,0.447189926,0.461590657,0.447090533,0.441405967,0.437782696,0.419994123,0.416690095,0.392159679,0.387798396,0.398945873,0.393511272,0.383189124,0.364937351,0.346320611,0.370820634,0.359111876,0.340508317,0.340624403,0.352009718,0.337481956,0.322916908,0.322669128,0.316283699,0.329054452,0.327385544,0.315345586,0.314745004,0.296572059,0.805405559,0.798128376,0.79749356,0.799842267
138930,BNK금융지주,0.913658078,0.91476179,0.912088114,0.912174494,0.912757999,0.914886116,0.91597882,0.914721567,0.915296792,0.915287531,0.917310385,0.9188551,0.918953756,0.924125328,0.92445132,0.924187133,0.923841352,0.925215423,0.924676122,0.931427629,0.93061539,0.935919701,0.93555753,0.934991794,0.914672242,0.923137736,0.923474321,0.923250139,0.924938328,0.926336305,0.926604273,0.924436692,0.925209936,0.923528764,0.924559301,0.924922587,0.92189467,0.921840137,0.92540021
69960,현대백화점,0.417386531,0.403393633,0.368741447,0.346815581,0.351724998,0.336227764,0.339269941,0.309000569,0.336736379,0.358129996,0.323922556,0.318645791,0.327172214,0.321845541,0.327723666,0.345616798,0.346706949,0.351812078,0.342197586,0.34572633,0.346967802,0.330347548,0.350298284,0.333387641,0.334958285,0.336931452,0.354651614,0.366847384,0.35061554,0.345145328,0.384665354,0.400649899,0.399663614,0.397306313,0.383530578,0.387213033,0.359451295,0.353953921,0.336687628
47050,포스코인터내셔널,0.638330609,0.655482987,0.68055487,0.65979243,0.688066976,0.695048022,0.715005593,0.707566786,0.714421942,0.709101436,0.707004272,0.688933431,0.69920173,0.713813418,0.699176164,0.697946919,0.662415108,0.677308567,0.698112096,0.69898076,0.715891597,0.724998616,0.744967569,0.745769805,0.749103631,0.744847987,0.744231489,0.730275615,0.703875766,0.712750861,0.724439394,0.70677569,0.73865024,0.756254881,0.793715961,0.785452967,0.818287466,0.797175307,0.795223219
42670,두산인프라코어,0.617293279,0.630916862,0.638499376,0.623625961,0.629789379,0.637990543,0.670847205,0.653571753,0.677218279,0.680916583,0.692871535,0.691209245,0.66355727,0.65813287,0.674676139,0.656084317,0.671393209,0.678876157,0.7146634,0.727408486,0.69422137,0.737182978,0.745504587,0.725000358,0.712562145,0.710225927,0.706052533,0.690892109,0.75333379,0.753675261,0.751942397,0.739384859,0.789987368,0.790603086,0.809341573,0.804744997,0.795375557,0.797494953,0.835666649
2380,KCC,0.591974814,0.598423368,0.610665673,0.525354752,0.397217289,0.385687898,0.365514274,0.35961197,0.345856081,0.358727692,0.395532006,0.38533173,0.359751218,0.348895467,0.345677934,0.348757313,0.330714095,0.337294866,0.330450317,0.322983949,0.324115486,0.317817657,0.286296006,0.280226094,0.282253921,0.283267774,0.284431036,0.277729646,0.287945801,0.288913101,0.283334212,0.272873763,0.302246892,0.311595551,0.320187701,0.315541196,0.30465947,0.289592081,0.30066206
12450,한화에어로스페이스,0.696546933,0.705723816,0.704964169,0.672115225,0.670989322,0.665390756,0.647112166,0.643657937,0.632423255,0.676438094,0.662758897,0.620543635,0.615084843,0.601219412,0.60562344,0.585884098,0.534155609,0.548142513,0.465405701,0.45346798,0.519608157,0.542048826,0.537442856,0.543815668,0.520227139,0.541384943,0.522407789,0.50359075,0.51482229,0.553800251,0.537463003,0.513204157,0.565244762,0.54250503,0.539210472,0.502500133,0.52168671,0.562439969,0.604852983
4800,효성,0.615350457,0.60407139,0.609437028,0.58476806,0.583792945,0.592776009,0.605880242,0.578310403,0.657440917,0.6501712,0.748481583,0.734207954,0.724561975,0.729911694,0.731854566,0.727974618,0.72593736,0.741708981,0.752541094,0.752225115,0.775712665,0.775247705,0.785037916,0.788079849,0.799759047,0.795549538,0.808238758,0.803281129,0.80643312,0.791243538,0.794067002,0.781259617,0.782127914,0.783231197,0.787834556,0.78269692,0.770914761,0.742822147,0.759053968
111770,영원무역,0.337465008,0.41901757,0.403554182,0.365770393,0.374646435,0.408428625,0.394722738,0.369776744,0.382577084,0.417814585,0.432517657,0.410634418,0.406404712,0.448056123,0.446991602,0.423556217,0.411030129,0.463348061,0.44221923,0.386576104,0.378004792,0.402219083,0.390043771,0.273888435,0.270045307,0.332199731,0.282860223,0.255950744,0.264352363,0.340707553,0.310886809,0.318440896,0.336654424,0.436792255,0.359738494,0.316981389,0.35223932,0.444179794,0.380094028
4000,롯데정밀화학,0.133870914,0.12614343,0.199048952,0.167108305,0.168676757,0.167971055,0.216767214,0.189486271,0.198988449,0.241803879,0.277447637,0.273318218,0.263744467,0.323788273,0.279892775,0.273867532,0.284196062,0.301714617,0.307217164,0.309130376,0.311172368,0.338883763,0.345166328,0.352206743,0.385245114,0.371124512,0.425809772,0.407141582,0.405234045,0.370729284,0.342844136,0.282684,0.297913429,0.231346659,0.232127717,0.222590649,0.202416611,0.192828826,0.195864455
30190,NICE평가정보,0.297760645,0.284885103,0.314741178,0.297420446,0.279515197,0.279629191,0.318382052,0.260018674,0.265029217,0.241563058,0.257459097,0.269067134,0.270913718,0.260770803,0.272631573,0.289696597,0.285118945,0.275631464,0.304768106,0.296983724,0.29179884,0.294498008,0.302093177,0.298442195,0.261340204,0.272101797,0.288237982,0.271789892,0.285994078,0.285203019,0.346674079,0.325260957,0.286621146,0.280994594,0.313274554,0.290047418,0.282553863,0.274078222,0.285046319
69080,웹젠,0.222919034,0.19802388,0.145157223,0.140949484,0.146842919,0.155139948,0.212496191,0.208802591,0.190640089,0.183323106,0.176538497,0.167010552,0.173789431,0.177020177,0.186201712,0.205554894,0.199782244,0.212289523,0.247666748,0.276597717,0.236016002,0.198860832,0.108743885,0.130027808,0.117438155,0.167102844,0.161773994,0.176714303,0.215529764,0.200729861,0.226891,0.209925367,0.289893047,0.283723258,0.298970887,0.321008354,0.350984758,0.400863154,0.380891351
1740,SK네트웍스,0.765631212,0.760387058,0.784978879,0.77262996,0.768740205,0.771137447,0.762722853,0.702425344,0.682838608,0.685257308,0.688722866,0.67505464,0.699181853,0.696868474,0.726304023,0.720945645,0.691808357,0.688681121,0.692414522,0.692875893,0.700480856,0.702255229,0.70207225,0.703900178,0.703197763,0.716078425,0.720403211,0.711118767,0.705280605,0.700587447,0.723455053,0.711456335,0.721650417,0.722087291,0.703861555,0.705358742,0.69703226,0.681463205,0.678806606
120110,코오롱인더,0.564933536,0.559606406,0.575718042,0.598281674,0.603401037,0.601158891,0.606066765,0.603698252,0.581800446,0.587030692,0.586360211,0.589814809,0.594104351,0.590982619,0.599475445,0.59511968,0.587432243,0.576568543,0.590269475,0.606026091,0.62227494,0.623297431,0.635683868,0.576960333,0.598583875,0.591197955,0.597258763,0.587790177,0.602195809,0.603215433,0.606137615,0.593238639,0.60846961,0.608932019,0.612530582,0.626515637,0.627168484,0.637648182,0.662459998
16380,KG동부제철,0.588163442,0.605782617,0.619160161,0.622353371,0.655369322,1.00736793,0.994653285,0.997432,0.978210162,0.966245796,0.956173919,0.983171872,0.973494294,0.961320077,0.947358468,0.955277488,0.926688503,0.928836053,0.935874839,0.99881811,1.000266506,0.988760782,0.987981776,0.979521176,0.977468212,0.754189433,0.754215969,0.746879794,0.742333769,0.7423535,0.727959602,0.724557213,0.729977968,0.724992597,0.71663369,0.719542409,0.70754296,0.686741364,0.687348097
1440,대한전선,0.723486539,0.725121714,0.763318791,0.746860445,0.737406133,0.73572481,0.720818726,0.725546329,0.733138131,0.725507361,0.72983852,0.744027626,0.749845064,0.754537041,0.760596496,0.74523986,0.768901469,0.776460783,0.761876033,0.771867348,0.779954277,0.956348224,0.961258575,0.960811299,0.893076657,0.882406577,0.889063228,0.879765826,1.142522711,0.988135688,0.956655684,0.934700002,0.951944485,0.942132694,0.918907671,0.907886838,0.8666565,0.852726366,0.854828028
25900,동화기업,0.5335325,0.533030583,0.534296423,0.529588132,0.538822071,0.50768613,0.458057807,0.448285763,0.44139188,0.463677687,0.481123406,0.460426006,0.43980564,0.45532827,0.471285975,0.480151653,0.479458737,0.485122555,0.486956241,0.501300572,0.502245341,0.514281827,0.548730115,0.535501866,0.541771276,0.555216147,0.574291149,0.574897514,0.545754482,0.53643633,0.530319491,0.51898306,0.515296343,0.51174096,0.509723017,0.497680949,0.479411843,0.477033656,0.45586283
5300,롯데칠성,0.642905907,0.644919947,0.624728774,0.622907686,0.619303151,0.63503915,0.617072224,0.626303109,0.625368928,0.634202267,0.648189661,0.623510299,0.727417066,0.519312097,0.490144388,0.489789747,0.481157121,0.479549264,0.46011012,0.460837498,0.461758595,0.447633701,0.434096544,0.434970257,0.409753121,0.414889427,0.406773348,0.387169546,0.400647188,0.399165564,0.393018413,0.395162435,0.409401189,0.406050666,0.395848684,0.404322949,0.40464146,0.392665199,0.390272708
73240,금호타이어,0.694485436,0.690868899,0.691622801,0.67104055,0.674002593,0.668980117,0.672255529,0.682158758,0.681894585,0.789881396,0.780157174,0.795526407,0.769489735,0.77667935,0.768686723,0.776081399,0.770572201,0.76542044,0.761400991,0.75846705,0.739379215,0.72914994,0.722842232,0.724019615,0.73211177,0.743241751,0.754190236,0.759565538,0.772383752,0.786203952,0.810139624,0.805454602,0.826065394,0.839234434,0.880922667,0.884354504,0.879810565,0.898664344,0.902039368
1120,LG상사,0.677037806,0.666495648,0.664592258,0.682399165,0.678491263,0.689614531,0.710500023,0.692434429,0.710073723,0.704888855,0.716109856,0.680839855,0.70368442,0.69305902,0.70305359,0.682195596,0.696971685,0.686650985,0.691810922,0.713323303,0.715737758,0.704485356,0.697492286,0.680358115,0.702427549,0.705489713,0.6696803,0.669162137,0.685182512,0.679128427,0.673495872,0.67410874,0.700901425,0.693223773,0.691412885,0.725788875,0.761070863,0.741620534,0.749213582
85660,차바이오텍,0.499737822,0.493331718,0.438516295,0.427048822,0.41886691,0.430548062,0.43171035,0.419284178,0.420184566,0.433508388,0.463345333,0.485317996,0.40704708,0.403721372,0.426989558,0.527391711,0.337262997,0.335805565,0.294456709,0.307472555,0.273060435,0.275346691,0.281267926,0.295433737,0.254489061,0.251256711,0.382591239,0.252559253,0.294744608,0.344029017,0.329664764,0.361761736,0.378556187,0.392504309,0.393723526,0.399057751,0.411067379,0.451905603,0.414236969
20560,아시아나항공,0.958483968,0.958176584,0.984325484,0.932736424,0.889815074,0.86833673,0.899496255,0.866539466,0.848632153,0.856722328,0.856926975,0.84983001,0.882219291,0.880772663,0.864751641,0.873394809,0.85122828,0.87237369,0.905769242,0.908360548,0.895456056,0.889244905,0.856269529,0.86371437,0.879894642,0.880932532,0.87414289,0.871176483,0.861000567,0.876011639,0.847918633,0.834894801,0.841537066,0.853405188,0.846744717,0.850143943,0.851413318,0.844861061,0.848192981
1230,동국제강,0.604778258,0.613711426,0.637658696,0.64237991,0.650477425,0.649768967,0.642956605,0.645346748,0.644470598,0.644695178,0.615339138,0.610789544,0.620120506,0.640042858,0.634163174,0.638030462,0.623810567,0.642712763,0.655010436,0.674314177,0.708362021,0.690107446,0.715881833,0.705460424,0.706271643,0.698585369,0.717177214,0.712513582,0.701043887,0.707480808,0.709589803,0.695872836,0.707186415,0.708309886,0.702429308,0.689969106,0.6914781,0.664595128,0.666604547
103140,풍산,0.450303424,0.442088144,0.473542249,0.459976559,0.481793997,0.479481568,0.49164581,0.483034645,0.50711841,0.515553413,0.529265865,0.520374974,0.525082879,0.524343387,0.55051928,0.545169138,0.557115037,0.578642907,0.590410082,0.580837942,0.602485896,0.618265488,0.630371311,0.633319093,0.644711769,0.652108672,0.646627196,0.630270827,0.642398093,0.651834473,0.649331446,0.632623635,0.64201795,0.658573127,0.661073258,0.640904471,0.664723359,0.639569134,0.643895647
150,두산,0.778823329,0.784043368,0.785180238,0.766211911,0.77371318,0.741030108,0.763004831,0.752597766,0.734777781,0.743492911,0.747352025,0.735708148,0.731251866,0.728039375,0.736908659,0.724370772,0.724264642,0.725620739,0.734894939,0.734014354,0.724027716,0.726668431,0.733838802,0.716208498,0.725291278,0.724831846,0.717109421,0.709363689,0.785482533,0.777673632,0.779474508,0.775340032,0.447018917,0.448776943,0.456810284,0.445850344,0.434684384,0.441020396,0.419002476
1800,오리온홀딩스,0.227582679,0.21782859,0.231658799,0.2356,0.23567013,0.231350079,0.263444292,0.268427031,0.268879944,0.258983466,0.272343414,0.275385952,0.174837274,0.162329684,1.469079192,0.413896566,0.431756184,0.462045379,0.473389706,0.491077699,0.497149988,0.485810141,0.515042445,0.521734599,0.532103775,0.534162615,0.55574747,0.573154091,0.571418021,0.561439256,0.569279973,0.573963182,0.582521675,0.565635141,0.565765819,0.564794651,0.545863421,0.552850365,0.565788418
64960,S&T모티브,0.313508947,0.305736327,0.294067789,0.291592339,0.30060061,0.339784713,0.341575523,0.31066017,0.289945401,0.29206961,0.30967027,0.324173491,0.305973308,0.321092647,0.36063019,0.368045228,0.326464863,0.33271515,0.356342011,0.344385957,0.37826671,0.392751792,0.408314218,0.407950107,0.390633551,0.406844551,0.430044092,0.452600252,0.431685881,0.448856269,0.445955639,0.452482128,0.453650097,0.460191225,0.462355734,0.462733677,0.465825453,0.489287445,0.486267262
81000,일진다이아,0.2170459,0.221433833,0.251089969,0.258866671,0.211581015,0.36578533,0.381289801,0.354241111,0.348188837,0.359089443,0.390029895,0.375146074,0.397693849,0.408024825,0.402262053,0.421006529,0.421627377,0.426081681,0.42890779,0.428043268,0.463408556,0.470733491,0.480603296,0.494581017,0.45883022,0.467185938,0.471638589,0.479632294,0.472747522,0.463942857,0.479405407,0.492372137,0.462095028,0.465089438,0.482642974,0.473538062,0.544131443,0.506308303,0.507189013
34310,NICE,0.547614237,0.531492536,0.524123327,0.522922635,0.547231305,0.54576025,0.528036735,0.521390356,0.499401485,0.487485284,0.47638668,0.496124684,0.490856325,0.452144333,0.446856089,0.450925953,0.447654429,0.452177099,0.441378545,0.440340572,0.444400239,0.379447628,0.359041098,0.439887966,0.387398977,0.340522539,0.331846802,0.340437698,0.359231986,0.355922969,0.358422506,0.348478584,0.233474599,0.247914111,0.246452032,0.246219506,0.237876449,0.267893545,0.282171442
2320,한진,0.705980726,0.702425852,0.705547471,0.702990629,0.705092879,0.702160445,0.702108842,0.599038973,0.623648192,0.61388124,0.614091323,0.645765787,0.593721929,0.592800821,0.695014869,0.696454603,0.693333917,0.683404039,0.709420848,0.706635152,0.613854313,0.606009326,0.595284716,0.598205275,0.597781136,0.606705788,0.596792162,0.610435844,0.598428921,0.61189296,0.602363231,0.587186995,0.604651685,0.576519592,0.577990658,0.572161723,0.563761633,0.52778723,0.530131243
17810,풀무원,0.727289931,0.697033984,0.6891215,0.688053655,0.687558907,0.728999269,0.72824023,0.633764778,0.598330106,0.610999434,0.626880009,0.659274658,0.667282151,0.656571602,0.663213567,0.654943639,0.656357663,0.657116653,0.667708436,0.661506919,0.721652413,0.674680641,0.679589784,0.682323905,0.719980273,0.721743906,0.72839079,0.722512045,0.715317446,0.719750849,0.722902187,0.718033493,0.722277155,0.726805396,0.722628318,0.688337573,0.677578384,0.755038291,0.750494873
108670,LG하우시스,0.624784676,0.635461146,0.650381398,0.642974159,0.651481838,0.673030373,0.672619463,0.63472053,0.659059336,0.645486098,0.664123816,0.618351855,0.633164445,0.62742803,0.620057048,0.589936288,0.625575374,0.624571011,0.623877098,0.61026419,0.623868198,0.631310416,0.613731144,0.596482853,0.583186201,0.592392134,0.610685732,0.598921975,0.600677194,0.621909204,0.629776927,0.591391391,0.595690286,0.599301249,0.614658888,0.628169336,0.57651917,0.574766304,0.584377149
33660,아주캐피탈,0.898648607,0.89890548,0.898205799,0.891078318,0.888866889,0.883824685,0.88141269,0.878679495,0.878792419,0.87503937,0.870897324,0.867577505,0.865072067,0.8558583,0.864219502,0.871536457,0.877849279,0.884404598,0.893857017,0.892914792,0.89121031,0.891598266,0.89069228,0.886997339,0.888957637,0.88952483,0.88759867,0.888034043,0.884985952,0.88678632,0.886306065,0.882083938,0.879691803,0.875339756,0.872161473,0.861752764,0.86979953,0.869254807,0.869306618
70,삼양홀딩스,0.453874983,0.457437394,0.466588255,0.43460129,0.437386095,0.444071848,0.446608025,0.395876746,0.404490582,0.401146399,0.403256305,0.407872068,0.410464993,0.414643421,0.426403085,0.416102293,0.406204719,0.408396638,0.414709354,0.415136416,0.423900066,0.369575766,0.384229412,0.408288681,0.385485867,0.389170585,0.361853137,0.361014981,0.371832073,0.38796709,0.38426315,0.394936653,0.380429122,0.32130219,0.312682896,0.311380797,0.551732132,0.384794248,0.362289308
12630,HDC,0.554011727,0.541021531,0.529499378,0.439637552,0.420643338,0.428077807,0.444963463,0.380182397,0.389677299,0.490309465,0.934147173,0.546983258,0.535383187,0.539055763,0.533416207,0.523750522,0.519598456,0.554170473,0.561084584,0.551554573,0.58838307,0.597022355,0.615405373,0.617124807,0.627959608,0.638936143,0.650172741,0.65700229,0.652902149,0.64394767,0.637498675,0.634280359,0.61929998,0.623940357,0.627325968,0.631426054,0.627181565,0.625917593,0.627057216
112040,위메이드,0.241655533,0.232303844,0.233146693,0.207919349,0.187862537,0.196758421,0.240474383,0.214476796,0.234683181,0.214410963,0.289195564,0.245456479,0.21656463,0.203242037,0.185647249,0.136752011,0.157633971,0.139262381,0.140607695,0.159439853,0.151884151,0.134624794,0.127792443,0.136194133,0.07378003,0.079264878,0.082698586,0.068741715,0.076122625,0.080975682,0.100406429,0.06016857,0.068523181,0.072117948,0.0859877,0.079786935,0.08259978,0.094221987,0.116905555
86390,유니테스트,0.211949848,0.184557056,0.218872846,0.178335826,0.210181796,0.244759834,0.307262867,0.256783977,0.255688448,0.330510806,0.437967309,0.383138508,0.287496931,0.379323586,0.474905758,0.315492744,0.407828128,0.376535109,0.384619926,0.356038841,0.328613392,0.405829269,0.502217673,0.523934842,0.438105964,0.486286111,0.559944758,0.539957808,0.486936582,0.473472372,0.459717225,0.441965766,0.426654159,0.460302394,0.527944711,0.518332845,0.54314707,0.565482952,0.568695782
2350,넥센타이어,0.553288522,0.549157413,0.556148264,0.546600365,0.55623317,0.575458724,0.567568234,0.55951295,0.557186466,0.53823873,0.52622645,0.520784184,0.529471822,0.542089686,0.536868667,0.540569198,0.550698431,0.568265037,0.58442346,0.599343147,0.612153819,0.618187762,0.635391093,0.630692759,0.642065035,0.641897391,0.663605062,0.653449677,0.661885726,0.670529229,0.674090901,0.668360597,0.683728711,0.689202249,0.700030626,0.702959167,0.684703673,0.655403626,0.637572817
97230,한진중공업,0.838478074,0.864782964,0.898903942,0.90082106,0.906956716,0.898915606,0.892025105,1.259065269,0.869238438,0.86049133,0.868086197,0.862789318,0.83829187,0.848733386,0.842822215,0.826173339,0.786484375,0.774248709,0.775221732,0.795293884,0.75202143,0.76211291,0.760089574,0.756876823,0.74143684,0.775835813,0.750548343,0.754765067,0.726222398,0.706616605,0.713749346,0.739484925,0.735941907,0.730589091,0.722271515,0.734697613,0.733381325,0.736389864,0.734700187
115390,락앤락,0.141186678,0.130418424,0.120395772,0.144917936,0.143749142,0.142269441,0.166232944,0.106589185,0.109572618,0.116905787,0.129443584,0.118353363,0.098524908,0.095621221,0.131696411,0.105082546,0.091617489,0.107834709,0.142743217,0.154057915,0.148790731,0.153668814,0.182163583,0.207826342,0.184071612,0.222008324,0.249297274,0.227971648,0.247642297,0.2274237,0.23307132,0.228171198,0.24072721,0.250614421,0.264133505,0.21999679,0.323435376,0.248678907,0.207118005
60150,인선이엔티,0.374497896,0.376670266,0.38893208,0.405606251,0.402417576,0.40715725,0.43694766,0.407708227,0.406486456,0.422172507,0.425068226,0.431032901,0.4753621,0.499499034,0.452493474,0.516085418,0.507901774,0.525958509,0.509455692,0.50271818,0.512210832,0.506835094,0.510038571,0.49163939,0.474578213,0.462708204,0.465356361,0.496978002,0.491992122,0.463833235,0.46483009,0.447367413,0.447683299,0.438575207,0.425835742,0.405658504,0.407951733,0.381061157,0.385592
9970,영원무역홀딩스,0.293991946,0.364500521,0.35381693,0.32028249,0.337068726,0.359726907,0.350868438,0.331677888,0.341539746,0.369516931,0.384170443,0.364743741,0.365785183,0.399334486,0.398645942,0.381473929,0.371079405,0.416644957,0.401096742,0.348117594,0.344581769,0.362200257,0.349629895,0.24475978,0.252567444,0.300607005,0.270459443,0.255866726,0.262947992,0.318310867,0.304170875,0.313235851,0.328576105,0.384444827,0.336714561,0.318231513,0.336802798,0.39978182,0.35217407
95660,네오위즈,0.179157958,0.167984903,0.164205969,0.173676631,0.182792056,0.168079258,0.180808397,0.185083936,0.150655207,0.138062965,0.130105691,0.140577958,0.130589732,0.133904557,0.136231865,0.146119808,0.13791321,0.148893433,0.165523105,0.294048896,0.323726061,0.316059969,0.317196831,0.327157714,0.37933594,0.378831329,0.38730753,0.416340058,0.518380581,0.561288747,0.576281334,0.560431365,0.513217403,0.49872395,0.51159024,0.564161017,0.507589902,0.505508157,0.550822038
60720,KH바텍,0.431846076,0.388781443,0.373432332,0.34905566,0.409169713,0.445314006,0.407233815,0.416017162,0.361870723,0.381934319,0.344942535,0.348417657,0.420435198,0.407724572,0.442529556,0.394955164,0.370314,0.370537702,0.349863732,0.381096228,0.464860718,0.422645632,0.487399933,0.537742003,0.436722346,0.401602628,0.461757899,0.447604703,0.501587206,0.580484668,0.568858422,0.534117529,0.50976456,0.460785682,0.43436366,0.465864909,0.46744897,0.4096533,0.434810844
60980,한라홀딩스,0.543701137,0.530365445,0.52142355,0.496652119,0.509547597,0.500617789,0.505335929,0.498159478,0.488326236,0.484083345,0.502736516,0.495909699,0.489919996,0.483584384,0.510739251,0.500272945,0.494315642,0.486310647,0.484554588,0.413031221,0.423969862,0.428672337,0.428438363,0.437203071,0.490854088,0.639362165,0.652123133,0.661473551,0.632773917,0.648768875,0.654716101,0.611534692,0.593271786,0.594056879,0.593418156,0.589333549,0.561956087,0.539458476,0.536159616
14830,유니드,0.292970295,0.326263221,0.355907488,0.341430603,0.368995085,0.396337079,0.411964689,0.410510857,0.406130405,0.412610885,0.40805953,0.416531395,0.430703909,0.404985467,0.400666686,0.396492838,0.384154738,0.39477194,0.402414185,0.414368466,0.416069323,0.366788729,0.385946284,0.363124083,0.383196724,0.401312683,0.426364433,0.438850922,0.454578874,0.472688546,0.493110816,0.440349101,0.46663889,0.495613343,0.506008232,0.506605752,0.521446124,0.437483335,0.423386738
126560,현대퓨처넷,0.09293266,0.12170182,0.081379882,0.08851139,0.144827909,0.094996903,0.106216047,0.085123666,0.08295524,0.083951203,0.098730826,0.089570373,0.084117862,0.079438342,0.082088159,0.090711552,0.075073824,0.078792772,0.086694434,0.085274459,0.083122186,0.094169788,0.096423486,0.105981169,0.10329979,0.111140836,0.119339901,0.127197443,0.140780687,0.161342701,0.200600681,0.158368491,0.165341777,0.189719797,0.229670588,0.266289045,0.272944667,0.285711047,0.308966209
23410,유진기업,0.820352823,0.812962817,0.815551552,0.825217588,0.809460164,0.808565993,0.820949231,0.811334646,0.804494353,0.811176936,0.81018751,0.798508239,0.581269694,0.587797188,0.576587831,0.573575083,0.573090986,0.571185272,0.564504582,0.571834295,0.557239239,0.564150661,0.537095673,0.53742084,0.53874341,0.546265089,0.530892292,0.527471324,0.498387537,0.534193106,0.537674799,0.567131357,0.727896473,0.697587801,0.676860207,0.687306934,0.662326577,0.630859857,0.642701852
140,하이트진로홀딩스,0.768552528,0.790709553,0.765813472,0.743904251,0.737131394,0.742517362,0.738263977,0.725317634,0.701420045,0.703818048,0.711614366,0.720406061,0.697590728,0.698455936,0.70295972,0.696631568,0.68885315,0.702364603,0.728174134,0.726832425,0.735282696,0.738718493,0.740501095,0.727665151,0.704608155,0.719357538,0.714804629,0.709464172,0.696887779,0.703189952,0.706287478,0.69618918,0.69604233,0.700681741,0.717845735,0.711060316,0.702389749,0.706878402,0.709134708
900140,엘브이엠씨홀딩스,0.529214958,0.531860009,0.530520522,0.519879035,0.476060149,0.461650052,0.47283207,0.449794518,0.42853485,0.403111966,0.400992926,0.369325362,0.35457597,0.365065321,0.366914264,0.365217612,0.381627361,0.399143288,0.397358181,0.358055973,0.37254869,0.331220496,0.313354453,0.303598637,0.347088906,0.254463715,0.24281575,0.205469738,0.355049282,0.368144927,0.28535716,0.192109009,0.093637833,0.11994527,0.143610091,0.147132055,0.140517672,0.104671195,0.109396678
2990,금호산업,0.706939028,0.716506408,0.724690087,0.718495596,0.709107929,0.730917335,0.725080582,0.698617612,0.668769278,0.703559471,0.700802192,0.694372861,0.719516288,0.72753762,0.729644407,0.755799987,0.715413883,0.752502089,0.757185348,0.778501261,0.797864136,0.804719687,0.766327381,0.799980577,0.833662787,0.883540041,0.893645396,0.913287706,0.974394415,0.991650025,0.964827408,0.99248505,0.931814218,0.966644173,0.905648588,0.967087886,0.96152383,0.940836742,1.008486681
26890,디피씨,0.268630357,0.264673219,0.274750454,0.291503225,0.245411256,0.254705603,0.264405025,0.237771508,0.230016174,0.233078418,0.258852074,0.270060313,0.260613756,0.268756529,0.269495856,0.275746115,0.246341182,0.250029736,0.259160183,0.26123549,0.282957412,0.280247723,0.302848272,0.314575795,0.320069697,0.321910175,0.341485884,0.339385447,0.329739821,0.324295358,0.328505521,0.335044721,0.354619825,0.357156431,0.32660696,0.335211291,0.354724501,0.346594422,0.369550487
65680,우주일렉트로,0.25588719,0.233920488,0.245127506,0.246185646,0.245347585,0.240525927,0.236030091,0.224316131,0.242602815,0.22890764,0.231340513,0.228114886,0.234954909,0.229028062,0.235549716,0.254119289,0.271080887,0.26425564,0.260238899,0.249634792,0.237786167,0.217814444,0.247923403,0.233865416,0.224621594,0.187507357,0.234624278,0.216470418,0.220006566,0.277300407,0.322813562,0.225804477,0.270006986,0.2219891,0.235175989,0.235594311,0.200222736,0.19944356,0.212211775
52420,오성첨단소재,0.244225253,0.237166407,0.254642382,0.23588125,0.221477342,0.200663184,0.090483577,0.103856002,0.190887859,0.209292711,0.316343911,0.316139543,0.31402319,0.319913913,0.195655683,0.344532427,0.510725659,0.464209628,0.399491116,0.391234772,0.341503603,0.376896255,0.31132845,0.306874488,0.588405527,0.553991691,0.483031804,1.336241787,0.980245982,0.956453893,0.878554572,0.8783021,0.645406263,0.622771053,0.606974851,0.472057772,0.540506041,0.506847712,0.642247799
23800,인지컨트롤스,1.740205566,1.8243989,1.726668524,1.755933649,1.616134115,1.773443781,1.54869783,1.567317194,1.537601262,1.562320472,1.490021158,1.382405074,1.28489987,1.417417271,1.415072747,1.420284917,1.613920038,1.367790946,1.290332016,1.268197429,1.452881218,1.715516374,1.715653619,1.910550287,3.250518491,3.525877792,5.192329268,6.103507813,6.508547629,6.764547299,6.916709658,7.590203199,4.043225921,3.960218849,3.64410341,3.68903127,3.645897909,3.902055683,4.523815573
5960,동부건설,0.357183531,0.341921016,0.359862826,0.35928375,0.382810301,0.341430088,0.37165662,0.360869074,0.364458758,0.363140131,0.37409067,0.404666796,0.441250979,0.396217321,0.403768903,0.39944064,0.362468258,0.419785887,0.440001073,0.450076529,0.394530092,0.343484305,0.346762018,0.297045986,0.175826643,0.161338742,0.109576486,0.086018442,0.080958283,0.078348183,0.076195,0.065613806,0.136676803,0.14264218,0.161669585,0.162338179,0.169794758,0.153518921,0.130176347
16450,한세예스24홀딩스,0.659230194,0.676952024,0.658861732,0.655830279,0.649166508,0.640345767,0.641052446,0.631930369,0.616499741,0.602667763,0.589187488,0.585967615,0.599923597,0.601247951,0.595133351,0.609327904,0.586176768,0.60543474,0.601084364,0.617554534,0.634768353,0.629177849,0.594994189,0.60201876,0.566931813,0.552231281,0.56897658,0.574199031,0.581383506,0.604791888,0.586393648,0.573391159,0.582265081,0.594980415,0.576660074,0.591464368,0.621382914,0.613253994,0.592299063
17940,E1,0.662236156,0.66497147,0.68897851,0.665286292,0.683647331,0.672274387,0.65544911,0.630923443,0.646233817,0.616023132,0.621533169,0.638438868,0.642284694,0.611909996,0.668240119,0.666149062,0.643561566,0.637897091,0.637837605,0.647837028,0.651647372,0.646829489,0.658340639,0.659182115,0.665878522,0.65197736,0.674831849,0.663516774,0.670723026,0.681205815,0.666338098,0.658311542,0.647022582,0.639255944,0.688316342,0.654684879,0.652229856,0.639299882,0.64040734
15860,일진홀딩스,0.560871216,0.582599051,0.563138506,0.56546147,0.565620255,0.585304032,0.605661991,0.59920456,0.604966854,0.614468529,0.606358198,0.582917031,0.59233549,0.590754804,0.587176065,0.575686563,0.588684695,0.590435794,0.594393562,0.558854527,0.575016537,0.57881582,0.593431923,0.606894943,0.597549812,0.601132977,0.599027513,0.638194518,0.627477754,0.635819357,0.638211477,0.623520239,0.613273941,0.611436721,0.605335046,0.569245404,0.58499889,0.550681231,0.545482565
2020,코오롱,0.77190643,0.774174001,0.78319453,0.797690416,0.795345518,0.799960232,0.787958843,0.7613046,0.750656556,0.759476259,0.749011297,0.755192187,0.777050954,0.779886433,0.786652973,0.750633303,0.752281297,0.763368219,0.760598666,0.755303455,0.736093015,0.731873721,0.740156037,0.742684183,0.762957104,0.765313915,0.759108774,0.780841963,0.766549949,0.76312661,0.764314578,0.767448507,0.743936927,0.74320303,0.742126555,0.738836754,0.451959621,0.318677395,0.313207088
82740,HSD엔진,0.749438593,0.756093356,0.768297833,0.772905192,0.759299614,0.747903503,0.725211912,0.689229292,0.68150738,0.717771051,0.569972192,0.558881541,0.577098498,0.601304852,0.596808025,0.606129936,0.609776723,0.506706882,0.593320637,0.591283246,0.571092413,0.546409612,0.560935998,0.545086523,0.560061122,0.566707668,0.550130125,0.524820539,0.548109242,0.532025351,0.553504295,0.58136251,0.619503161,0.653587671,0.710580735,0.720129423,0.738905816,0.772079716,0.814262403
33540,파라텍,0.459239007,0.486853201,0.513461128,0.570406194,0.540943807,0.520007278,0.449658697,0.430354413,0.386434477,0.416234306,0.483227302,0.409943486,0.412838036,0.465783337,0.500443946,0.488928544,0.427437968,0.338305159,0.337343521,0.274864793,0.276790932,0.263994769,0.261956213,0.362934115,0.262476881,0.27219766,0.246762066,0.287169242,0.245172235,0.298954206,0.275644364,0.250476803,0.21361936,0.237104439,0.256854356,0.284107814,0.303139402,0.390667379,0.382946446
63080,게임빌,0.361692882,0.376433354,0.39031419,0.361832373,0.378936102,0.323675073,0.318663201,0.311235027,0.283874624,0.272724043,0.287617692,0.27675853,0.270745543,0.285739768,0.288709843,0.278414194,0.240823923,0.236156559,0.237957469,0.359789913,0.240206688,0.090601222,0.09138534,0.144747661,0.127941191,0.107137927,0.090322534,0.07097421,0.061007704,0.07551718,0.070655136,0.086807047,0.094279405,0.086429841,0.109776459,0.123359285,0.104016461,0.093653145,0.077322538
36530,S&T홀딩스,0.297181496,0.279300265,0.270058767,0.273059286,0.276917215,0.296354587,0.296826564,0.288839574,0.28654595,0.284705699,0.293050612,0.292092584,0.2732444,0.277892978,0.302736705,0.307344333,0.278136227,0.28788002,0.297167677,0.295053187,0.316483111,0.332108495,0.333552458,0.335074854,0.310943142,0.335224589,0.344301515,0.360515337,0.348075548,0.369635957,0.362854878,0.36477884,0.374759835,0.384281554,0.378381458,0.38300544,0.365952878,0.377775136,0.37771203
5810,풍산홀딩스,0.259167287,0.241967093,0.23702332,0.230449169,0.233983265,0.208398487,0.208182142,0.188679668,0.174792328,0.16682303,0.170396423,0.165299213,0.162198172,0.155291796,0.167179917,0.156384113,0.161185614,0.161120119,0.170494078,0.159984842,0.168787674,0.165340691,0.182994939,0.176928849,0.168445313,0.165538998,0.175239376,0.172606336,0.17843195,0.171917012,0.183829303,0.165379612,0.170764654,0.172306533,0.201751095,0.178903848,0.178853868,0.176494124,0.200604674
102260,동성코퍼레이션,0.499737822,0.527346485,0.540459805,0.508030562,0.505466505,0.5249121,0.525828366,0.504194216,0.505027834,0.508432984,0.516145142,0.51113506,0.505427802,0.492605823,0.512995536,0.494701155,0.480336606,0.488338495,0.498346516,0.502926079,0.504182868,0.524290441,0.535890873,0.53245631,0.51968429,0.510530707,0.530650242,0.542214433,0.56721146,0.582320449,0.590157482,0.576539224,0.602063967,0.579422232,0.584305263,0.572033593,0.556598448,0.560003841,0.567770563
91120,이엠텍,0.358970798,0.311045304,0.304206161,0.238183893,0.239973213,0.258623541,0.333569422,0.336167597,0.321397469,0.346120896,0.281603156,0.273249411,0.285159342,0.298736537,0.358415043,0.35780536,0.340881579,0.368341794,0.38274876,0.364360858,0.391950362,0.353230713,0.405850662,0.429357145,0.432629333,0.408450214,0.383678479,0.320810844,0.402315604,0.46772871,0.477071803,0.49927328,0.530691423,0.61487654,0.570425019,0.591383249,0.613388113,0.574171098,0.555933583
3570,S&T중공업,0.284146193,0.26002744,0.261464048,0.266551517,0.264762494,0.282025946,0.26952575,0.281630109,0.305064125,0.299652065,0.303417091,0.278974293,0.259481287,0.259621048,0.265093728,0.26611147,0.242799609,0.2599693,0.252540072,0.264814683,0.274890407,0.298942445,0.278418357,0.28447156,0.248648967,0.281121357,0.269629281,0.281088402,0.309454917,0.333680759,0.321882211,0.313065583,0.331569646,0.346708752,0.342528702,0.348275959,0.322448443,0.321669325,0.302302497
14790,한라,0.803297035,0.828776287,0.8381451,0.835617634,0.840677523,0.851496971,0.848967324,0.851896891,0.864621173,0.875372268,0.87505352,0.822667941,0.822032601,0.825115584,0.82887326,0.830372841,0.829289694,0.832006297,0.857886408,0.85855613,0.842764922,0.80651712,0.805795454,0.785192124,0.75939467,0.759930432,0.75676641,0.769357089,0.677629883,0.691558675,0.77228972,0.785012845,0.699327123,0.689501215,0.678288795,0.746426065,0.705767874,0.68852184,0.669124284
63570,한국전자금융,0.670957425,0.666884278,0.671351501,0.644107779,0.640064088,0.637588033,0.613322932,0.598436679,0.629659706,0.613797877,0.598749086,0.587956093,0.611000206,0.522813058,0.494504181,0.474850395,0.524924965,0.511497211,0.468983788,0.442009481,0.435310509,0.314120576,0.320752602,0.30927958,0.343274741,0.382100676,0.379587529,0.348251826,0.40316521,0.420996345,0.423700756,0.405095898,0.425089,0.437075765,0.427036734,0.395225306,0.393604325,0.361249743,0.353473981
1250,GS글로벌,0.638863622,0.668443682,0.701202324,0.6847746,0.677794343,0.691641896,0.699759307,0.698283711,0.699514011,0.697869118,0.692424735,0.722668624,0.694501902,0.702796605,0.713978911,0.732917068,0.703536897,0.713201994,0.85900081,0.74682002,0.694820183,0.672116365,0.669589505,0.706156747,0.686027255,0.641410439,0.670062352,0.633490067,0.650485831,0.630426791,0.619760302,0.761413852,0.776601051,0.774190599,0.78383662,0.757824165,0.777125705,0.749307546,0.670300413
25750,한솔홈데코,0.481417031,0.506484753,0.490396097,0.478726276,0.484732124,0.482403717,0.476746023,0.475315368,0.494169554,0.494674881,0.485739352,0.501210094,0.47372573,0.492289603,0.495428569,0.50662286,0.49784022,0.520378604,0.519584562,0.540254342,0.533665829,0.543691779,0.553337252,0.548503614,0.544960988,0.53703992,0.563438974,0.556664286,0.571822138,0.566042957,0.579944144,0.581981086,0.604648041,0.605506026,0.600602613,0.617304257,0.593951925,0.5690597,0.595768296
51490,나라엠앤디,0.634822353,0.622504043,0.62495684,0.628266884,0.601572443,0.605201644,0.586578771,0.582811081,0.575567516,0.577602944,0.577414246,0.576779805,0.562069573,0.555356274,0.529981142,0.543476081,0.535333441,0.540870819,0.519288576,0.521777562,0.525551784,0.51368684,0.52787849,0.529542495,0.530890482,0.52211423,0.474027979,0.475999083,0.488913756,0.5029011,0.474997811,0.490866319,0.531865023,0.484582683,0.479323332,0.49122668,0.468142186,0.454466886,0.472231502
13520,화승알앤에이,0.789734516,0.779925209,0.804432117,0.783533569,0.79489673,0.806390328,0.820370468,0.819697406,0.787429651,0.784462216,0.788897499,0.787883492,0.759958652,0.756034939,0.761399862,0.757240606,0.75421271,0.775125739,0.784327894,0.793180831,0.788868678,0.800694978,0.815356558,0.835460667,0.808910236,0.816876669,0.828178894,0.828654486,0.827308861,0.818811375,0.756821522,0.752154536,0.756559308,0.756044721,0.753528104,0.755535012,0.744093247,0.746835571,0.750557467
41520,이라이콤,0.24363519,0.271041577,0.16116966,0.135820204,0.190441077,0.225070705,0.271029613,0.328412848,0.327348701,0.243221836,0.255707375,0.250950399,0.306209274,0.275091946,0.300381829,0.316205218,0.258865307,0.272936094,0.253701908,0.318272137,0.37064613,0.385408655,0.394007563,0.449326864,0.408150974,0.330774229,0.463210164,0.521426761,0.513585178,0.489113188,0.482954021,0.458182527,0.507635406,0.399571737,0.475465449,0.563493748,0.600919374,0.592940065,0.566245802
12030,DB,0.351616221,0.388343822,0.438989744,0.419010096,0.444925751,0.45921869,0.5102652,0.523022516,0.466201825,0.436449956,0.201644705,0.295537882,0.260510772,0.229409896,0.256934026,0.295033126,0.293807725,0.31635668,0.359625012,0.399602233,0.386971309,0.373369974,0.50588568,0.69865109,0.593832077,0.66805726,0.577192701,0.614201647,0.617971404,0.552111787,0.579315918,0.573164812,0.579535863,0.558195011,0.610491236,0.626441227,0.610197671,0.596624638,0.550824664
37330,인지디스플레,0.569765951,0.557935497,0.572707339,0.573213925,0.571729271,0.403029804,0.389550118,0.363239633,0.404015378,0.397358409,0.403393672,0.400767322,0.406186075,0.377958324,0.380548017,0.35875872,0.396600911,0.387955557,0.354345644,0.344563313,0.374721192,0.353795445,0.372558354,0.369120574,0.369475139,0.365232077,0.415721249,0.402403937,0.391881344,0.354204627,0.409342349,0.39311049,0.431738848,0.458692458,0.526980996,0.56545856,0.570520714,0.534548587,0.508501455
48550,SM C&C,0.607940134,0.577272987,0.578944863,0.667813092,0.636855717,0.617884456,0.612651222,0.642294689,0.612655302,0.591932947,0.582500884,0.617918956,0.357357957,0.2058528,0.244165042,0.324879169,0.353425454,0.392124527,0.384932807,0.372257394,0.399725754,0.370521344,0.333499629,0.34426305,0.370703735,0.364394663,0.379443762,0.385870081,0.305535463,0.278007907,0.282528389,0.257199144,0.211403782,0.216083242,0.370043068,0.371077281,0.4027463,0.416232191,0.481416917
42420,네오위즈홀딩스,0.13185737,0.120322035,0.114109683,0.117135305,0.123485778,0.117562558,0.127454597,0.125829244,0.10452691,0.097390674,0.094696295,0.098271496,0.093353288,0.093578612,0.094575628,0.101902213,0.099213648,0.107455991,0.133796398,0.136688599,0.166332133,0.159942282,0.175166162,0.185511301,0.247844578,0.250440934,0.264215804,0.29273242,0.404972706,0.453573181,0.47562096,0.452589589,0.423859546,0.401491091,0.411503258,0.464189652,0.420056728,0.381766765,0.423765485
128820,대성산업,0.604023574,0.605718258,0.622160445,0.624840718,0.579750069,0.574985383,0.569022729,0.586950442,0.570765983,0.590207172,0.571484489,0.637725777,0.607611871,0.953931681,0.936492524,0.81940423,0.949666304,0.941322104,0.912360746,0.89165484,0.85864382,0.84729864,0.879141893,0.992172192,0.867349767,0.835983457,0.808034773,0.804759172,0.833319009,0.855485126,0.785155416,0.765415701,0.712683957,0.70468356,0.715021397,0.70849852,0.712802751,0.71005807,0.70707332
3480,한진중공업홀딩스,0.79278642,0.792328535,0.798334175,0.806265294,0.790785182,0.789758068,0.799538825,0.804096172,0.759456879,0.76670304,0.768672022,0.776417039,0.806908373,0.78380705,0.782379028,0.712409424,0.680909102,0.618775362,0.623881514,0.637599217,0.58461613,0.583508658,0.597552805,0.593230924,0.558897696,0.54591366,0.549014679,0.530225738,0.491323284,0.466495677,0.482877105,0.44479674,0.363175096,0.309666811,0.349944835,0.343034278,0.259707273,0.281901733,0.331956705
96630,에스코넥,0.562961625,0.503769734,0.477262717,0.436202253,0.463866478,0.469627877,0.430473232,0.426784374,0.495496234,0.504321788,0.520896751,0.485455474,0.49765919,0.519077075,0.590703789,0.561884482,0.585672878,0.566162266,0.591296094,0.577697536,0.608705208,0.589913349,0.659935303,0.619222923,0.61720308,0.614662555,0.630364274,0.599379713,0.604234404,0.642932977,0.619471425,0.588879379,0.617782278,0.597034385,0.628989986,0.646268708,0.652017808,0.646064125,0.698467072
69510,에스텍,0.28028494,0.204888807,0.265446513,0.280119615,0.27637393,0.271668768,0.288964177,0.28792321,0.292817058,0.321366873,0.317378085,0.325154921,0.318317978,0.300947586,0.315815357,0.351057181,0.331704698,0.356956378,0.349757142,0.36840528,0.396362682,0.374763293,0.406891589,0.417097963,0.423391681,0.434209086,0.414808713,0.396451864,0.385066823,0.39243173,0.339475213,0.37098598,0.367226064,0.383508031,0.386018679,0.400162557,0.437075128,0.450790156,0.46428398
111870,제주은행,0.008079699,0.006163944,0.007131566,0.008980131,0.010870139,0.008750948,0.008515823,0.00786304,0.004629363,0.001099841,0.001656913,0.001360981,0.001807347,0.001726565,0.001870234,0.00174905,0.00193355,0.002464225,0.002641804,0.002437313,0.003339707,0.00291892,0.002912455,0.002950571,0.003497508,0.002590252,0.002882616,0.003320829,0.005147228,0.004991507,0.004312249,0.002516537,0.003659507,0.003463587,0.004605827,0.003976478,0.003775439,0.002250806,0.003534814
69540,삼본전자,0.058682632,0.110269512,0.116864238,0.220258259,0.217625407,0.280387781,0.382418957,0.405278845,0.50002868,0.770953177,0.756381553,0.375503196,0.391348375,0.378359582,0.282452085,0.205930218,0.156529453,0.127558987,0.108641436,0.105664409,0.108946423,0.133939878,0.184044837,0.159690814,0.153930435,0.178926993,0.177695591,0.174230318,0.13007453,0.113474272,0.125767236,0.171301691,0.140094375,0.120622572,0.090029645,0.118362615,0.091106757,0.08214316,0.127344951
9440,라이트론,9.424332262,8.415400401,7.103934306,6.569066224,3.995985852,3.672900867,3.406805766,4.296260551,3.155072171,2.69898338,2.282378298,3.600877477,3.263516839,3.572613804,3.949195117,4.176341849,5.776708475,6.161304417,5.911946209,5.54780439,5.333113565,4.799836661,4.601340074,4.487475345,4.163381602,4.112596986,4.234409235,4.17108756,5.607149018,6.417664103,6.22597165,6.059753088,6.758862683,6.659446249,7.057042169,6.443653034,6.389505283,6.196325242,5.825737496
103590,KC그린홀딩스,0.666043637,0.677238904,0.624484158,0.584609439,0.651455452,0.645369891,0.711788141,0.712997691,0.750100676,0.775744447,0.934928455,0.843964109,0.881621252,0.838913449,0.9242784,0.88351669,0.878704061,0.929793284,0.97277896,0.91972408,0.939530139,1.006676749,1.010101395,1.099439935,1.139127678,1.237310735,1.135671702,1.231366194,1.095872294,1.048321594,1.107122543,1.054476809,1.067096319,1.149673908,1.151190943,1.043442646,1.251839898,1.164054132,1.163343773
32560,일진전기,0.197778553,0.152938143,0.148518476,0.134412978,0.180248639,0.217997984,0.182614719,0.177045335,0.160970042,0.160613902,0.15342536,0.153666211,0.186566629,0.182130458,0.19609684,0.203501865,0.226049183,0.22511408,0.224059574,0.149235779,0.11906165,0.107742735,0.097783665,0.08898606,0.09153595,0.096652113,0.10830772,0.098017908,0.120329644,0.141908798,0.128023076,0.095065701,0.096642226,0.133899354,0.119206101,0.128582689,0.12868114,0.125606196,0.134555826
75180,황금에스티,0.086181362,0.085620503,0.104235542,0.106663758,0.099744243,0.105222877,0.126480225,0.110049384,0.128734043,0.124214645,0.129625713,0.129215159,0.13455842,0.128130394,0.133399113,0.13338294,0.112435529,0.11726444,0.128615269,0.163903532,0.167379812,0.17874718,0.18298026,0.170685241,0.17677759,0.170214629,0.179447166,0.183275397,0.188149045,0.190764356,0.1886933,0.181656987,0.217822522,0.197502768,0.229750915,0.194785316,0.155287125,0.149669644,0.153871662
46940,새론오토모티브,0.347083848,0.63871921,0.474934253,0.464713819,0.362925993,0.373853906,0.400218911,0.468108022,0.438100738,0.597228148,0.515988991,0.488625891,0.342133119,0.371565111,0.220005898,0.219881474,0.24868228,0.256859304,0.244304603,0.282425125,0.289570677,0.340452639,0.339362856,0.327159028,0.289604869,0.328537909,0.333640616,0.360598316,0.346194433,0.366084419,0.357662183,0.410662334,0.344054361,0.342214729,0.330790738,0.379066971,0.346994548,0.422820099,0.405559057
8250,우원개발,1.256939294,0.954144288,1.166989928,1.208981183,1.340585416,1.434527175,1.41329552,1.357332281,1.535052549,1.309744808,1.424642033,1.511220977,1.917722585,2.001501365,2.52289842,2.63784105,2.589432886,2.657000545,2.637164524,2.510274206,2.274082471,2.065237032,2.123842307,2.262440837,2.188179853,2.163848354,2.166676165,2.076662013,1.946583285,1.834709485,1.972918052,1.865455793,2.158728922,2.166794663,2.222578347,2.14784451,2.150116165,1.997324677,2.0911728
11810,이건산업,0.955834118,1.124506382,1.15182177,1.192196275,1.204775054,1.162032154,1.209612128,1.128694587,1.060292294,1.012691125,1.03073504,1.331674209,1.205251363,1.113987569,1.227596064,2.202767294,2.390310366,2.725451953,2.470330695,2.555368581,2.61495936,2.703047608,2.595107606,2.75367342,2.591035037,2.628429927,2.806121526,4.842379835,5.540863594,6.615924342,9.810928543,10.11178717,9.863204953,9.188323048,8.862223031,8.866900034,9.319170562,8.722903742,8.705379557
10100,STX,0.982334062,0.767876609,0.745590687,0.757255387,0.714651543,0.728876859,0.725950045,0.758459247,0.805549997,0.844019948,0.84339389,0.652963869,0.732346402,0.713898468,0.740646347,0.621769996,0.55325193,0.465259819,0.357446891,0.348516909,0.352515286,0.334677103,0.362773497,0.313818099,0.33239566,0.320328429,0.291683672,0.258114015,0.194733728,0.179974268,0.092368311,0.070780055,0.072875415,0.076734709,0.07197342,0.067219628,0.064416219,0.068917661,0.07613348
16250,한국프랜지,2.804723576,2.410645663,2.361046764,2.322890012,2.168159253,2.77640528,2.328092812,2.207671286,2.034565139,2.043573807,1.994270572,2.113027599,1.836463521,1.838505189,1.761745556,1.817762256,1.717181462,1.644288123,1.646134211,1.617681821,1.675916053,1.737155526,1.534712735,1.548622999,1.426899789,1.379627566,1.359848227,1.255607448,1.07007983,1.015232357,0.865562797,0.480385742,0.475779546,0.385505265,0.336379392,0.36034205,0.536445884,0.454711017,0.413310163
71970,SGC이테크건설,0.142741909,0.150147103,0.158758237,0.153555749,0.18648122,0.14236833,0.158355598,0.207374837,0.341401312,0.310021634,0.343538981,0.336156196,0.349299105,0.365725202,0.398567847,0.88980458,0.814502108,0.773026052,0.828311541,0.878095143,0.859002364,0.922987813,0.971906138,1.131599673,1.295324897,1.29397984,1.548052787,1.652139033,2.019257377,2.264470123,2.464582904,3.181244348,1.543321401,1.855944324,2.081907086,2.02638347,1.5645155,1.612616099,1.683139835
40,STX중공업,0.230723034,0.227733171,0.266045993,0.243260856,0.137403292,0.13165826,0.154136402,0.149870898,0.099655217,0.107138043,0.092008349,0.084939431,0.096668433,0.106166651,0.10514651,0.101340414,0.087069077,0.072279224,0.061941462,0.063255705,0.065935309,0.049139896,0.056615307,0.061265659,0.046537387,0.051809411,0.046617451,0.032723953,0.03478092,0.033311996,0.026040013,0.033763185,0.056246982,0.056371032,0.057766023,0.056769908,0.062435319,0.071810648,0.074210691
53160,KR모터스,0.0156715,0.014840535,0.020870835,0.019660475,0.021068142,0.02738411,0.025012177,0.020561466,0.030534079,0.035716058,0.037269461,0.038895363,0.031897896,0.030742168,0.029443462,0.032633541,0.017845332,0.019948545,0.025306326,0.016832562,0.015390899,0.02646796,0.023806856,0.026527671,0.03293394,0.027687537,0.032009952,0.034214408,0.033696213,0.051546149,0.053500423,0.047201844,0.087996337,0.065237493,0.073238465,0.045471278,0.044995687,0.037179432,0.043376352
35000,프리엠스,6.934516862,6.24610156,6.006102515,7.465795431,7.490632073,7.915987198,8.716579757,10.34786148,8.811574354,8.081113252,9.966918573,10.13789562,7.483932133,6.861635663,6.284837806,7.679478348,6.212885868,7.552976064,6.075080992,9.104809538,7.444018294,7.413227128,6.053511174,7.230161984,6.109854189,6.825198142,5.637143388,7.845492236,5.628580169,7.291516767,6.377216706,7.032912247,5.808521844,6.698538716,6.473017965,7.826726208,6.776292056,7.647627627,5.969138677
1020,지투알,1.121618402,1.254530722,1.504693221,1.220635423,1.190556304,1.169405794,0.983699934,0.885804945,1.002506802,1.058060418,1.034796554,1.002168954,1.087538741,1.013161843,0.954490085,0.834573263,1.163110725,1.022888891,1.215093116,0.905233535,1.006467385,0.940017879,1.005916528,0.86000563,0.938661171,0.885079694,1.0350935,0.833467887,1.083287098,0.868917056,0.935494097,0.856905553,0.922088019,0.821326925,0.829381623,0.817835076,0.849894141,0.763509773,0.883866408
53350,페이퍼코리아,0.10119244,0.10167043,0.072995885,0.094095042,0.081418817,0.082559229,0.080668804,0.092849952,0.084679572,0.074583444,0.075913411,0.089013816,0.086697633,0.115856992,0.115763174,0.148601047,0.128236982,0.131251699,0.107690011,0.114558764,0.101215334,0.10118904,0.103309044,0.128789329,0.218121458,0.212578405,0.212954553,0.230548624,0.239460759,0.237565682,0.252875487,0.261730504,0.217768827,0.229471309,0.213827431,0.181386906,0.172182603,0.180860786,0.177001569
33230,이니텍,0.558346539,0.519634041,0.528348351,0.551415861,0.572002312,0.534394944,0.498660502,0.564649898,0.533321233,0.510847971,0.49510517,0.416669672,0.416803037,0.434267291,0.477481129,0.487512071,0.478040627,0.467222329,0.467975774,0.599366656,0.565588295,0.550230944,0.496433787,0.653052028,0.415038939,0.392586752,0.350831574,0.424243541,0.373559172,0.38927165,0.384015276,0.467506046,0.482308936,0.478009888,0.4719851,0.559189449,0.549524737,0.539335399,0.480952111
2230,인성정보,0.10139606,0.141856123,0.162646455,0.138899508,0.148069398,0.131473536,0.151487336,0.122403991,0.136443963,0.113079477,0.126414931,0.114560179,0.130765539,0.133352384,0.118276052,0.093681872,0.092779029,0.094857727,0.076541834,0.061651861,0.069733802,0.05322001,0.060120425,0.042838113,0.042794713,0.08579459,0.190164178,0.219221727,0.250096228,0.277711029,0.286320958,0.168813319,0.171866354,0.177940981,0.190593812,0.165061595,0.184491218,0.187979405,0.214277669
16880,피에스텍,5.646340404,5.38479988,5.713105228,15.63880744,14.09010888,15.4649066,15.63300916,3.252528452,3.481782134,3.536691211,3.440460533,3.43479551,3.36322846,3.216889618,3.304466023,3.310068518,3.578108825,4.99868208,5.939721859,6.153328928,9.063196193,9.381635079,10.69114685,10.82574121,9.293451441,9.389342495,8.80332271,13.89937438,18.81983642,19.11767033,22.87658216,33.18406153,32.86570932,31.35617198,30.51342896,32.19529415,28.484088,26.60603892,27.84339
31510,오스템,0.439577143,0.474586004,0.494563505,0.503163038,0.486833044,0.489321429,0.487868209,0.476962733,0.469286668,0.49174089,0.510195841,0.493561116,0.472131817,0.490663725,0.498751063,0.479099885,0.519515578,0.542454369,0.564532643,0.566211562,0.574274746,0.582169015,0.577699912,0.583279349,0.589144218,0.617392281,0.618759563,0.630188403,0.660107937,0.653477003,0.667924388,0.674959788,0.664992363,0.683787704,0.689847343,0.698798051,0.674121652,0.650656088,0.621058823
4590,한국가구,0.27498362,0.277649198,0.2634782,0.250448206,0.25221799,0.264721013,0.28204551,0.261237703,0.1632561,0.165137352,0.175718674,0.160418941,0.152230438,0.147523976,0.169317151,0.178716022,0.175228995,0.166360848,0.181784973,0.16269949,0.154211418,0.166465317,0.185698116,0.173017362,0.181883388,0.182355732,0.200142011,0.186602808,0.218804088,0.225005602,0.252137843,0.238979336,0.238912299,0.261369352,0.260737236,0.278818005,0.266989488,0.286353129,0.26757931
21650,한국큐빅,0.53266418,0.524108157,0.567501162,0.563590343,0.569512875,0.601492132,0.617836095,0.612354857,0.614128323,0.618628713,0.656120095,0.655299372,0.68048941,0.651277211,0.621964505,0.62847119,0.589062065,0.601549362,0.614225604,0.608250177,0.604539432,0.604894192,0.612507656,0.615973983,0.606138291,0.633305207,0.575762048,0.594724411,0.598945744,0.616483836,0.626522113,0.615245044,0.630382769,0.615828616,0.619570033,0.620327254,0.596254235,0.611361567,0.618483963
75130,플랜티넷,0.10787216,0.112485687,0.128910465,0.093380099,0.103574411,0.105835118,0.116321709,0.092420549,0.091462257,0.091502584,0.107274903,0.089470331,0.075510917,0.079058229,0.073944055,0.078543954,0.090256694,0.09548716,0.114908519,0.094930939,0.087004352,0.087861933,0.090873761,0.076515795,0.078248545,0.071291592,0.10449894,0.076364016,0.082548122,0.08756164,0.130959071,0.092382174,0.101264431,0.113542975,0.237815492,0.096925448,0.08515011,0.079319703,0.128157491
27040,서울전자통신,0.315361278,0.306221028,0.312814092,0.319530979,0.493090704,0.470301256,0.522240015,0.578748758,0.577805219,0.525493602,0.545326754,0.501410356,0.559301225,0.493029711,0.546220158,0.514123754,0.506986052,0.56178941,0.552706757,0.561198153,0.55756017,0.531562,0.521650276,0.523119979,0.782441462,0.714080503,0.648479041,0.62548429,0.654011174,0.59675459,0.603090372,0.561719069,0.540587363,0.585072395,0.532481767,0.50472669,0.485835393,0.45302575,0.510771937
10770,평화홀딩스,0.801075217,0.781646551,0.790140597,0.75334626,0.781475163,0.775722014,0.770825571,0.719069903,0.689561703,0.679415303,0.672569559,0.633155497,0.709754173,0.683770573,0.698183277,0.653612648,0.686527919,0.700760662,0.698112015,0.652835327,0.682072829,0.677187311,0.691217811,0.649824044,0.69790715,0.695872738,0.710418802,0.699094037,0.688656184,0.705369819,0.705495174,0.694170625,0.70241315,0.694374611,0.709000924,0.708818828,0.710576815,0.695299718,0.67102062
900120,씨케이에이치,0.045711458,0.047004543,0.057256255,0.04807406,0.077129136,0.061193954,0.06797353,0.066684853,0.069774256,0.056460242,0.057639966,0.02692763,0.040390241,0.032364081,0.043391687,0.041958735,0.073888385,0.089638496,0.103941518,0.142005555,0.149243723,0.137843489,0.155041774,0.145423302,0.156344669,0.185429475,0.196028128,0.193477628,0.20609955,0.202069095,0.20185097,0.215908958,0.084201275,0.091492157,0.099297806,0.111726052,0.103527015,0.098664272,0.192324021
73190,듀오백,0.160746437,0.15620898,0.180048508,0.161635471,0.133872965,0.122451789,0.111410844,0.10924883,0.107232041,0.115205838,0.116186143,0.146636145,0.138813624,0.118175799,0.147817585,0.161749339,0.14766728,0.124732839,0.160562602,0.146997447,0.10855511,0.104326537,0.112427942,0.117960531,0.117020005,0.104724017,0.139488494,0.126710601,0.109752487,0.111641512,0.125366959,0.09528809,0.102829926,0.132612268,0.192173063,0.135329676,0.122665355,0.123509827,0.16999683
101730,조이맥스,0.992226981,0.905528842,0.840211389,0.832785637,0.658116135,0.599970957,0.551010749,0.487207117,0.292644549,0.291370411,0.263109475,0.251231964,0.235737044,0.214626923,0.205111567,0.201891216,0.229980209,0.213597163,0.208841129,0.21428799,0.222707459,0.082760009,0.084326185,0.082362465,0.082290183,0.085901472,0.119434772,0.087627907,0.087359944,0.108490819,0.112247506,0.075521628,0.074125915,0.074515131,0.0730442,0.079176374,0.083154782,0.077044661,0.075372548
25880,케이씨피드,0.49638873,0.485860642,0.495586187,0.483156583,0.452038987,0.464932182,0.446548546,0.435780682,0.408592103,0.407657031,0.425662742,0.44440644,0.490942856,0.499895675,0.508442006,0.50976,0.505939028,0.575812325,0.560341245,0.557331742,0.600879581,0.615652647,0.613595706,0.621861595,0.622926922,0.56672106,0.581467921,0.529257965,0.60076928,0.647947135,0.606247194,0.55483862,0.49360819,0.445269444,0.43124039,0.424359704,0.429524756,0.379413264,0.371147269
15260,에이엔피,0.618066634,0.605067778,0.568275966,0.560282957,0.566009179,0.570359298,0.578333967,0.560563582,0.573889276,0.542210178,0.52159056,0.60943252,0.509168626,0.483172753,0.476220467,0.470699307,0.477270204,0.47308692,0.505220723,0.526811823,0.75969353,0.756989764,0.770648056,0.780731764,0.745656988,0.760867735,0.747792283,0.720680941,0.720813542,0.705806705,0.751980819,0.729942989,0.722449413,0.725815036,0.750795255,0.748704403,0.745508852,0.740764451,0.722571033
900070,글로벌에스엠,0.29768195,0.292816751,0.288896956,0.291774262,0.33930853,0.323194233,0.314471802,0.315504386,0.308018199,0.305999178,0.339943994,0.319778188,0.340225812,0.335506029,0.345545971,0.363105806,0.35735769,0.382761838,0.410150943,0.417702768,0.44793284,0.280248562,0.231040883,0.243140394,0.211279175,0.206079733,0.218461089,0.218800339,0.207310708,0.212299676,0.217193661,0.213303403,0.239489891,0.159118877,0.161285319,0.243642819,0.19898855,0.196289498,0.216830577
900080,에스앤씨엔진그룹,0.002021738,0.003810642,0.006640511,0.035944929,0.045812551,0.05637731,0.070396969,0.053243649,0.046459888,0.039404716,0.054745644,0.027334129,0.096974848,0.062955025,0.079319643,0.047020252,0.101737336,0.087854745,0.100315313,0.102411587,0.090447179,0.081953267,0.086103554,0.082650887,0.089749378,0.162238468,0.14852628,0.135181193,0.14200324,0.13853525,0.137568158,0.130434598,0.12366086,0.075363042,0.082283075,0.065274754,0.236815076,0.223565468,0.232920887
900110,이스트아시아홀딩스,0.077162152,0.076510363,0.071683005,0.079821729,0.080384646,0.080278168,0.079916972,0.079131887,0.077024924,0.074313607,0.085816221,0.097467005,0.085699026,0.095691669,0.100982826,0.101951112,0.079281111,0.098975718,0.166621287,0.171026921,0.214238688,0.190566247,0.232779029,0.295012533,0.242751789,0.235826415,0.232583668,0.270063647,0.256713296,0.24636657,0.263178081,0.29992467,0.287765187,0.263889769,0.27643919,0.197568623,0.207750892,0.248033241,0.175755467
